dataset,city,rows
hotels.csv,Amsterdam,3000
hotels.csv,Athens,3000
hotels.csv,Barcelona,3000
hotels.csv,Belgrade,3000
hotels.csv,Berlin,3000
hotels.csv,Bologna,3000
hotels.csv,Bratislava,3000
hotels.csv,Brussels,3000
hotels.csv,Bucharest,3000
hotels.csv,Budapest,3000
hotels.csv,Cologne,3000
hotels.csv,Copenhagen,3000
hotels.csv,Dublin,3000
hotels.csv,Dubrovnik,3000
hotels.csv,Edinburgh,3000
hotels.csv,Florence,3000
hotels.csv,Gdansk,3000
hotels.csv,Geneva,3000
hotels.csv,Hamburg,3000
hotels.csv,Helsinki,3000
hotels.csv,Innsbruck,3000
hotels.csv,Istanbul,3000
hotels.csv,Krakow,3000
hotels.csv,Lisbon,3000
hotels.csv,Ljubljana,3000
hotels.csv,London,3000
hotels.csv,Luxembourg,3000
hotels.csv,Lyon,3000
hotels.csv,Madrid,3000
hotels.csv,Malta,3000
hotels.csv,Marseille,3000
hotels.csv,Milan,3000
hotels.csv,Munich,3000
hotels.csv,Naples,3000
hotels.csv,Nice,3000
hotels.csv,Nicosia,3000
hotels.csv,Oslo,3000
hotels.csv,Paris,3000
hotels.csv,Porto,3000
hotels.csv,Prague,3000
hotels.csv,Reykjavik,3000
hotels.csv,Riga,3000
hotels.csv,Rome,3000
hotels.csv,Salzburg,3000
hotels.csv,Sarajevo,3000
hotels.csv,Seville,3000
hotels.csv,Skopje,3000
hotels.csv,Sofia,3000
hotels.csv,Split,3000
hotels.csv,Stockholm,3000
hotels.csv,Tallinn,3000
hotels.csv,Thessaloniki,3000
hotels.csv,Tirana,3000
hotels.csv,Valencia,3000
hotels.csv,Venice,3000
hotels.csv,Vienna,3000
hotels.csv,Vilnius,3000
hotels.csv,Warsaw,3000
hotels.csv,Zagreb,3000
hotels.csv,Zurich,3000
restaurants.csv,Amsterdam,1500
restaurants.csv,Athens,1500
restaurants.csv,Barcelona,1500
restaurants.csv,Belgrade,1500
restaurants.csv,Berlin,1500
restaurants.csv,Bologna,1500
restaurants.csv,Bratislava,1500
restaurants.csv,Brussels,1500
restaurants.csv,Bucharest,1500
restaurants.csv,Budapest,1500
restaurants.csv,Cologne,1500
restaurants.csv,Copenhagen,1500
restaurants.csv,Dublin,1500
restaurants.csv,Dubrovnik,1500
restaurants.csv,Edinburgh,1500
restaurants.csv,Florence,1500
restaurants.csv,Gdansk,1500
restaurants.csv,Geneva,1500
restaurants.csv,Hamburg,1500
restaurants.csv,Helsinki,1500
restaurants.csv,Innsbruck,1500
restaurants.csv,Istanbul,1500
restaurants.csv,Krakow,1500
restaurants.csv,Lisbon,1500
restaurants.csv,Ljubljana,1500
restaurants.csv,London,1500
restaurants.csv,Luxembourg,1500
restaurants.csv,Lyon,1500
restaurants.csv,Madrid,1500
restaurants.csv,Malta,1500
restaurants.csv,Marseille,1500
restaurants.csv,Milan,1500
restaurants.csv,Munich,1500
restaurants.csv,Naples,1500
restaurants.csv,Nice,1500
restaurants.csv,Nicosia,1500
restaurants.csv,Oslo,1500
restaurants.csv,Paris,1500
restaurants.csv,Porto,1500
restaurants.csv,Prague,1500
restaurants.csv,Reykjavik,1500
restaurants.csv,Riga,1500
restaurants.csv,Rome,1500
restaurants.csv,Salzburg,1500
restaurants.csv,Sarajevo,1500
restaurants.csv,Seville,1500
restaurants.csv,Skopje,1500
restaurants.csv,Sofia,1500
restaurants.csv,Split,1500
restaurants.csv,Stockholm,1500
restaurants.csv,Tallinn,1500
restaurants.csv,Thessaloniki,1500
restaurants.csv,Tirana,1500
restaurants.csv,Valencia,1500
restaurants.csv,Venice,1500
restaurants.csv,Vienna,1500
restaurants.csv,Vilnius,1500
restaurants.csv,Warsaw,1500
restaurants.csv,Zagreb,1500
restaurants.csv,Zurich,1500
attractions.csv,Amsterdam,1500
attractions.csv,Athens,1500
attractions.csv,Barcelona,1500
attractions.csv,Belgrade,1500
attractions.csv,Berlin,1500
attractions.csv,Bologna,1500
attractions.csv,Bratislava,1500
attractions.csv,Brussels,1500
attractions.csv,Bucharest,1500
attractions.csv,Budapest,1500
attractions.csv,Cologne,1500
attractions.csv,Copenhagen,1500
attractions.csv,Dublin,1500
attractions.csv,Dubrovnik,1500
attractions.csv,Edinburgh,1500
attractions.csv,Florence,1500
attractions.csv,Gdansk,1500
attractions.csv,Geneva,1500
attractions.csv,Hamburg,1500
attractions.csv,Helsinki,1500
attractions.csv,Innsbruck,1500
attractions.csv,Istanbul,1500
attractions.csv,Krakow,1500
attractions.csv,Lisbon,1500
attractions.csv,Ljubljana,1500
attractions.csv,London,1500
attractions.csv,Luxembourg,1500
attractions.csv,Lyon,1500
attractions.csv,Madrid,1500
attractions.csv,Malta,1500
attractions.csv,Marseille,1500
attractions.csv,Milan,1500
attractions.csv,Munich,1500
attractions.csv,Naples,1500
attractions.csv,Nice,1500
attractions.csv,Nicosia,1500
attractions.csv,Oslo,1500
attractions.csv,Paris,1500
attractions.csv,Porto,1500
attractions.csv,Prague,1500
attractions.csv,Reykjavik,1500
attractions.csv,Riga,1500
attractions.csv,Rome,1500
attractions.csv,Salzburg,1500
attractions.csv,Sarajevo,1500
attractions.csv,Seville,1500
attractions.csv,Skopje,1500
attractions.csv,Sofia,1500
attractions.csv,Split,1500
attractions.csv,Stockholm,1500
attractions.csv,Tallinn,1500
attractions.csv,Thessaloniki,1500
attractions.csv,Tirana,1500
attractions.csv,Valencia,1500
attractions.csv,Venice,1500
attractions.csv,Vienna,1500
attractions.csv,Vilnius,1500
attractions.csv,Warsaw,1500
attractions.csv,Zagreb,1500
attractions.csv,Zurich,1500
