chunk_id,document_id,chars,language,chunk_type
chk_3042a1b961e300d7,doc_a6fa1173bf25b38e,270,en,mixed
chk_2775d2ae8e125f2c,doc_a6fa1173bf25b38e,115,en,mixed
chk_825b4a149c61b37e,doc_d3dbbd162774bc4a,216,en,mixed
chk_ed035e2a0f49bf74,doc_d3dbbd162774bc4a,115,en,mixed
chk_5db45ed56fa84a4b,doc_0ed9a87929364516,170,en,mixed
chk_e48da576ed0716f2,doc_0ed9a87929364516,115,en,mixed
chk_7d775b60b11f566d,doc_371ae4021b478bf3,249,en,mixed
chk_51ed910134a05b04,doc_371ae4021b478bf3,115,en,mixed
chk_898409d64cb0a2cb,doc_22d6f4e6ec74b6ad,240,en,mixed
chk_1aa9c67a9a232f8a,doc_22d6f4e6ec74b6ad,115,en,mixed
chk_eaf36b22d3a0f684,doc_b347cce7eb727c8e,226,en,mixed
chk_acaaaa6691b95f22,doc_b347cce7eb727c8e,115,en,mixed
chk_d58e083d8616153f,doc_bf6e3b87a53fcd66,186,en,mixed
chk_38f60cf7f1497289,doc_bf6e3b87a53fcd66,115,en,mixed
chk_69b154add2e060a0,doc_c46497f93f96cc3b,182,en,mixed
chk_6f8b0c59d7adfb27,doc_c46497f93f96cc3b,115,en,mixed
chk_829eb8b418e6355a,doc_28422111a6120f50,201,en,mixed
chk_1417ed465ecde986,doc_28422111a6120f50,115,en,mixed
chk_afce8b50e6dfe198,doc_fc0283f05bfbb652,189,en,mixed
chk_0239242d3bc1c71d,doc_fc0283f05bfbb652,115,en,mixed
chk_73331005f99763f4,doc_3fe07daa6b873e6f,285,en,code
chk_1d587bbabbc2d3f7,doc_e251ffc7e0440e8d,199,en,mixed
chk_20430b5eeabb5bda,doc_e251ffc7e0440e8d,115,en,mixed
chk_12063f58df8817ae,doc_4e5adf93c9e6abca,204,en,mixed
chk_f5ff71f74f63fd36,doc_4e5adf93c9e6abca,115,en,mixed
chk_6f529cb38ee1d803,doc_6f98e76b433f6467,214,en,mixed
chk_7a2733fe51e6e766,doc_6f98e76b433f6467,115,en,mixed
chk_b89e0cc912a905bc,doc_423beaea2fd3dd93,326,en,mixed
chk_9379fbb61e5ebf1a,doc_7395de6975ff02de,202,en,mixed
chk_20c48d9a37edd299,doc_7395de6975ff02de,115,en,mixed
chk_2c3588696c2bb13c,doc_a5bf48eddcbdfa95,226,en,mixed
chk_74e55356cf0dd255,doc_a5bf48eddcbdfa95,115,en,mixed
chk_b7eaf6ddb71e11b3,doc_e9d301aec3512a5b,342,en,mixed
chk_bc44936fd57cb1ed,doc_fd5e8324195437ce,282,en,code
chk_0179d0fb299164bd,doc_6cbe82907af879a5,216,en,mixed
chk_5b55843442900135,doc_6cbe82907af879a5,115,en,mixed
chk_2fb1784c61584ea0,doc_e3152e2083bb070d,265,en,mixed
chk_4814a099b9776bba,doc_e3152e2083bb070d,115,en,mixed
chk_f44edf49a4bea906,doc_44a35a3111581c2c,195,en,mixed
chk_02dc717a96ee1da8,doc_44a35a3111581c2c,115,en,mixed
chk_9f4b7cc8ce81e00d,doc_4e7af8b42378a247,254,en,mixed
chk_d3a584d7a2f381b1,doc_4e7af8b42378a247,115,en,mixed
chk_060fb6b86fc61470,doc_5b1a732e9a0f2f3f,161,en,mixed
chk_d8213d4a899b3395,doc_5b1a732e9a0f2f3f,115,en,mixed
chk_45f4a20ed9b47fb0,doc_0fa3df5082850152,164,en,mixed
chk_b5befc8a340a562c,doc_0fa3df5082850152,115,en,mixed
chk_8405abc393c390c7,doc_a8853b189d6c04c1,186,en,mixed
chk_b52fc5af4e1f3f96,doc_a8853b189d6c04c1,115,en,mixed
chk_77b614f290baf8cb,doc_9b1e400c19ae511f,204,en,mixed
chk_d80e55134f8fc46f,doc_9b1e400c19ae511f,115,en,mixed
chk_bdee65b64658cfaf,doc_a65ffd11e4e331b1,213,en,mixed
chk_e6435afd62069750,doc_a65ffd11e4e331b1,115,en,mixed
chk_eeb8501a0db0767c,doc_7e74ac287fe981a8,300,en,mixed
chk_5287542372fa6a66,doc_7e74ac287fe981a8,96,en,code
chk_9ce3887842b228fd,doc_8bc7b590ea5ed157,256,en,mixed
chk_bdde086416e33aad,doc_8bc7b590ea5ed157,199,en,code
chk_52139afef2d7dea2,doc_077cf26f47acaa5a,199,en,mixed
chk_77bbbfdcce8cf47f,doc_077cf26f47acaa5a,115,en,mixed
chk_524034c935d7f658,doc_2f819703ae16088e,176,en,mixed
chk_9e354da676e5e024,doc_2f819703ae16088e,115,en,mixed
chk_9c77f02166bca80b,doc_399d6dd605a16151,290,en,code
chk_1e3d916defa30f2b,doc_399d6dd605a16151,251,en,mixed
chk_651c8c0dbe5b5d4b,doc_5744cad0fb6ab659,189,en,mixed
chk_a06b18e6b665e7b8,doc_5744cad0fb6ab659,115,en,mixed
chk_bb035abbdc4e3999,doc_b8f5a0eca3c18a98,242,en,mixed
chk_4542710eb491f84b,doc_b8f5a0eca3c18a98,115,en,mixed
chk_4e9d97b2a15e56a8,doc_327053686d02b15b,192,en,mixed
chk_13a46dc41464c468,doc_327053686d02b15b,115,en,mixed
chk_07b78b8f41660234,doc_4273494a72bdb1cd,384,hu,mixed
chk_c30c788755419059,doc_4273494a72bdb1cd,892,hu,mixed
chk_42aa1f35aeb484b1,doc_4273494a72bdb1cd,173,hu,mixed
chk_0049efccff8f3a05,doc_4273494a72bdb1cd,163,en,code
chk_1399e3469b015d50,doc_4273494a72bdb1cd,457,en,mixed
chk_494950e1f7fa0c75,doc_4273494a72bdb1cd,479,en,mixed
chk_394d05d29767597c,doc_4273494a72bdb1cd,10,en,mixed
chk_54bbeac9209c2388,doc_4273494a72bdb1cd,864,hu,mixed
chk_2bb83eb3c20db141,doc_4273494a72bdb1cd,297,hu,mixed
chk_011a82658f8d1af5,doc_4273494a72bdb1cd,1700,hu,mixed
chk_0a41fbcad76c9113,doc_4273494a72bdb1cd,695,hu,mixed
chk_f5737bf238cb7a52,doc_4273494a72bdb1cd,830,hu,mixed
chk_620a5e81e609c751,doc_4273494a72bdb1cd,466,hu,mixed
chk_250be677e1face56,doc_4273494a72bdb1cd,1297,hu,mixed
chk_78bf0601a9a49315,doc_4273494a72bdb1cd,818,hu,mixed
chk_4df23c8857ecd770,doc_4273494a72bdb1cd,749,hu,mixed
chk_7bd213844484a2ba,doc_4273494a72bdb1cd,1493,hu,mixed
chk_125ca40b22663e5b,doc_4273494a72bdb1cd,12,en,mixed
chk_46cd6520b2d04f56,doc_4273494a72bdb1cd,1433,hu,mixed
chk_610f6eec57765043,doc_4273494a72bdb1cd,13,en,mixed
chk_8faef49799d10fef,doc_4273494a72bdb1cd,1305,hu,mixed
chk_3f973345cad9d828,doc_4273494a72bdb1cd,840,hu,mixed
chk_c432634ce21d68b4,doc_4273494a72bdb1cd,524,hu,mixed
chk_94aa3c0a6618ba90,doc_4273494a72bdb1cd,862,hu,mixed
chk_4378b64b0c48df3a,doc_4273494a72bdb1cd,309,hu,mixed
chk_e7fb2d0aa7b9ee72,doc_4273494a72bdb1cd,596,hu,mixed
chk_bd3536b2445f6d8c,doc_4273494a72bdb1cd,676,hu,mixed
chk_981715fdfa1833b9,doc_4273494a72bdb1cd,294,hu,mixed
chk_5635a374c85f5bfc,doc_4273494a72bdb1cd,706,hu,code
chk_6466385b49a5ed39,doc_4273494a72bdb1cd,16,en,mixed
chk_f5ae0e0346fdcad2,doc_4273494a72bdb1cd,652,hu,mixed
chk_93522debaf412349,doc_4273494a72bdb1cd,257,hu,mixed
chk_d31e73540a52c970,doc_4273494a72bdb1cd,864,hu,mixed
chk_693226f3c48c5115,doc_4273494a72bdb1cd,830,hu,mixed
chk_44b24432c77963d4,doc_4273494a72bdb1cd,873,hu,mixed
chk_106572dc0eeae177,doc_4273494a72bdb1cd,690,hu,mixed
chk_17edf992bd4f643a,doc_4273494a72bdb1cd,117,hu,mixed
chk_0fa6768a01cd09c3,doc_4273494a72bdb1cd,903,hu,mixed
chk_6c699797fecf5a72,doc_4273494a72bdb1cd,893,hu,mixed
chk_dfdb595c9a7b0225,doc_4273494a72bdb1cd,799,hu,mixed
chk_4786865cde1ee840,doc_4273494a72bdb1cd,175,hu,mixed
chk_e70d7301c77f2214,doc_4273494a72bdb1cd,364,hu,code
chk_2aa637414928937a,doc_4273494a72bdb1cd,358,hu,mixed
chk_519c72d37185653d,doc_4273494a72bdb1cd,546,hu,mixed
chk_ab170c0e9b4e9ad7,doc_4273494a72bdb1cd,832,hu,mixed
chk_876b0e17eefd4ef2,doc_4273494a72bdb1cd,699,hu,mixed
chk_82e777b2f4969570,doc_4273494a72bdb1cd,705,hu,mixed
chk_7128fefa8ea5d7b0,doc_4273494a72bdb1cd,820,hu,mixed
chk_53d9330c4d0b5873,doc_4273494a72bdb1cd,453,hu,mixed
chk_52ff7420a82a5854,doc_4273494a72bdb1cd,502,hu,mixed
chk_1307a2ac974d1cec,doc_4273494a72bdb1cd,680,hu,mixed
chk_06cceba258523cbb,doc_4273494a72bdb1cd,626,hu,mixed
chk_5421947d202c01e2,doc_4273494a72bdb1cd,126,hu,mixed
chk_71a2d4267892e261,doc_4273494a72bdb1cd,779,hu,mixed
chk_7aa1a38640da7c88,doc_4273494a72bdb1cd,353,hu,mixed
chk_837d535f90658964,doc_4273494a72bdb1cd,122,hu,mixed
chk_de58f9e573d48e2d,doc_4273494a72bdb1cd,726,hu,code
chk_5f92c2dc5b979865,doc_4273494a72bdb1cd,300,hu,mixed
chk_7f539d34c88709b4,doc_4273494a72bdb1cd,723,hu,mixed
chk_9b42246e145bc0ee,doc_4273494a72bdb1cd,665,hu,mixed
chk_0f929ff909b31376,doc_4273494a72bdb1cd,259,hu,mixed
chk_bf0f242dba2571d6,doc_4273494a72bdb1cd,882,hu,mixed
chk_201949f2787f98e4,doc_4273494a72bdb1cd,568,hu,mixed
chk_2078966e457c9eb0,doc_4273494a72bdb1cd,820,hu,mixed
chk_e70406b27f683e75,doc_4273494a72bdb1cd,261,hu,mixed
chk_05dc7c8a21269876,doc_4273494a72bdb1cd,644,hu,mixed
chk_85e451c0cd5d1a2d,doc_4273494a72bdb1cd,439,hu,mixed
chk_c3614762592e87ec,doc_4273494a72bdb1cd,483,hu,mixed
chk_ba85c024611b0832,doc_4273494a72bdb1cd,650,hu,mixed
chk_0d5b04b15e2190c7,doc_4273494a72bdb1cd,598,hu,mixed
chk_b517467370c4526c,doc_4273494a72bdb1cd,465,hu,mixed
chk_3c245182cadea0b8,doc_4273494a72bdb1cd,73,hu,mixed
chk_0a6fefa445a8c649,doc_4273494a72bdb1cd,885,hu,mixed
chk_843bb2a9e02612ce,doc_4273494a72bdb1cd,475,hu,mixed
chk_793b09ef2b25317b,doc_4273494a72bdb1cd,492,hu,mixed
chk_5c15575efedac00e,doc_4273494a72bdb1cd,805,hu,mixed
chk_b4ae5aded0f02039,doc_4273494a72bdb1cd,351,hu,mixed
chk_583723838a3db5b2,doc_4273494a72bdb1cd,767,hu,mixed
chk_02c8224a2b37c309,doc_4273494a72bdb1cd,256,hu,mixed
chk_6f48992a0228d3f3,doc_4273494a72bdb1cd,716,hu,mixed
chk_f96693747a007c2f,doc_4273494a72bdb1cd,342,hu,mixed
chk_1684bc5dac280725,doc_4273494a72bdb1cd,58,hu,mixed
chk_6eaf92cf86edb8af,doc_4273494a72bdb1cd,848,hu,mixed
chk_455cb872d351a33c,doc_4273494a72bdb1cd,452,hu,mixed
chk_960863da41e55df5,doc_4273494a72bdb1cd,688,hu,mixed
chk_be6ad4f2a03059f8,doc_4273494a72bdb1cd,330,hu,mixed
chk_e1c1d76dff0ea710,doc_4273494a72bdb1cd,574,hu,mixed
chk_de3d945fe1ce6101,doc_4273494a72bdb1cd,884,hu,mixed
chk_0e373b14dfee5ced,doc_4273494a72bdb1cd,316,hu,code
chk_826f96254caccb75,doc_4273494a72bdb1cd,436,hu,code
chk_e61bed13d65dcb23,doc_4273494a72bdb1cd,359,hu,code
chk_a53ef0de9022b01f,doc_4273494a72bdb1cd,841,hu,mixed
chk_cf1fc99f08597694,doc_4273494a72bdb1cd,341,hu,mixed
chk_73922aba56455fb2,doc_4273494a72bdb1cd,410,hu,mixed
chk_60970c6bd93f3dc4,doc_4273494a72bdb1cd,726,hu,mixed
chk_015fa89122df022a,doc_4273494a72bdb1cd,115,en,mixed
chk_60bcd93f8ea5eef7,doc_4273494a72bdb1cd,764,hu,mixed
chk_f8c0ea840219a583,doc_4273494a72bdb1cd,808,hu,mixed
chk_e1b28f66c37ca2ca,doc_4273494a72bdb1cd,169,hu,mixed
chk_fbb586b2ea7b753d,doc_4273494a72bdb1cd,460,hu,mixed
chk_605bb5cab441e005,doc_4273494a72bdb1cd,888,hu,mixed
chk_60aac4eb54b2af35,doc_4273494a72bdb1cd,238,hu,mixed
chk_c709b5a006922a81,doc_4273494a72bdb1cd,849,hu,mixed
chk_8bc90f6fe0b6e616,doc_4273494a72bdb1cd,882,hu,mixed
chk_5cfabf39bd98eb19,doc_4273494a72bdb1cd,426,hu,mixed
chk_075fc6fb0e46b1a9,doc_4273494a72bdb1cd,545,hu,mixed
chk_ce0e224412357ce2,doc_4273494a72bdb1cd,719,hu,mixed
chk_c3abe939ccccc367,doc_4273494a72bdb1cd,79,en,mixed
chk_0ad56096bffe2935,doc_4273494a72bdb1cd,49,en,code
chk_08de1325c5e0bdf5,doc_4273494a72bdb1cd,657,hu,mixed
chk_750d9b3607fb70a4,doc_4273494a72bdb1cd,840,hu,mixed
chk_326aaea2f16cf6cb,doc_4273494a72bdb1cd,342,hu,mixed
chk_d3b951e737ed531e,doc_4273494a72bdb1cd,139,hu,mixed
chk_2e8fb9dbe84cb7b6,doc_4273494a72bdb1cd,151,hu,mixed
chk_47d6a5b130fd8756,doc_4273494a72bdb1cd,268,hu,code
chk_48535c3ca57c8661,doc_4273494a72bdb1cd,704,hu,mixed
chk_6c8b0015fe63ae7d,doc_4273494a72bdb1cd,792,hu,mixed
chk_f751234547de99f1,doc_4273494a72bdb1cd,148,hu,mixed
chk_282e48662cb883cd,doc_4273494a72bdb1cd,739,hu,mixed
chk_1fbcd4565d9f38c8,doc_4273494a72bdb1cd,232,hu,mixed
chk_dfbb63419a61bae8,doc_4273494a72bdb1cd,631,hu,mixed
chk_fe074f06b80967a5,doc_4273494a72bdb1cd,247,hu,mixed
chk_8e13ab3cfd217ab7,doc_4273494a72bdb1cd,546,hu,mixed
chk_9a2e7e8c9b4ff240,doc_4273494a72bdb1cd,248,hu,code
chk_9627831773b634b4,doc_4273494a72bdb1cd,753,hu,mixed
chk_fee33c4ef0f10ce1,doc_4273494a72bdb1cd,471,hu,mixed
chk_4345d67324440731,doc_4273494a72bdb1cd,557,hu,mixed
chk_47f64618755b1ea6,doc_4273494a72bdb1cd,797,hu,mixed
chk_dc95d7694dcbfbce,doc_4273494a72bdb1cd,303,hu,mixed
chk_d1809153c540ae33,doc_4273494a72bdb1cd,601,hu,mixed
chk_ce48f23850a8f99f,doc_4273494a72bdb1cd,285,hu,mixed
chk_a464f8a76db2885b,doc_4273494a72bdb1cd,654,hu,mixed
chk_6cd3e5ca3eb70955,doc_4273494a72bdb1cd,871,hu,mixed
chk_f9bd13f5967985f0,doc_4273494a72bdb1cd,294,hu,mixed
chk_8f706e0b24063216,doc_4273494a72bdb1cd,848,hu,mixed
chk_0a3d701f7ca13faf,doc_4273494a72bdb1cd,205,hu,mixed
chk_b9ecbf5173791d2e,doc_4273494a72bdb1cd,860,hu,mixed
chk_e0ca1560986d65ea,doc_4273494a72bdb1cd,242,hu,mixed
chk_484d107a18a969c5,doc_4273494a72bdb1cd,588,hu,mixed
chk_83ac16e43dcf27d6,doc_4273494a72bdb1cd,607,hu,mixed
chk_6db1484dca5ef1a1,doc_4273494a72bdb1cd,487,hu,mixed
chk_62295f127076478c,doc_4273494a72bdb1cd,538,hu,mixed
chk_1a0d86cc85efe850,doc_4273494a72bdb1cd,149,hu,mixed
chk_295ecb4a04df4745,doc_4273494a72bdb1cd,511,hu,mixed
chk_eca779f0bb38b0af,doc_4273494a72bdb1cd,473,hu,mixed
chk_fdb0e297c0ec3321,doc_4273494a72bdb1cd,549,hu,code
chk_2db6719462822bee,doc_4273494a72bdb1cd,112,hu,mixed
chk_c1c908307f4bdd83,doc_4273494a72bdb1cd,46,hu,mixed
chk_048eb156002d96d7,doc_4273494a72bdb1cd,486,hu,code
chk_08b8d1e179bf2ddf,doc_4273494a72bdb1cd,326,hu,mixed
chk_168d4e5d0336e83d,doc_4273494a72bdb1cd,436,hu,mixed
chk_d9ddd32b0cac5b3c,doc_4273494a72bdb1cd,357,hu,mixed
chk_00aa22c5583ed139,doc_4273494a72bdb1cd,441,hu,mixed
chk_55a78e31f4007651,doc_4273494a72bdb1cd,531,hu,mixed
chk_ccd60a430c8c1d33,doc_4273494a72bdb1cd,477,hu,mixed
chk_c4f58cd11611acaa,doc_4273494a72bdb1cd,143,hu,mixed
chk_dd8e9b040d2d9da2,doc_4273494a72bdb1cd,831,hu,mixed
chk_d64871c1a06400e1,doc_4273494a72bdb1cd,144,hu,mixed
chk_408ab9cc5def4313,doc_4273494a72bdb1cd,90,hu,mixed
chk_66cdae8b5f4f65d7,doc_4273494a72bdb1cd,778,hu,mixed
chk_a8b6dd56440d0bf6,doc_4273494a72bdb1cd,205,hu,mixed
chk_12f9803cf1e967b3,doc_4273494a72bdb1cd,550,hu,mixed
chk_2a804a98f3104b91,doc_4273494a72bdb1cd,440,hu,mixed
chk_339929f510ee8867,doc_4273494a72bdb1cd,103,hu,mixed
chk_8c5741a037885966,doc_4273494a72bdb1cd,435,hu,mixed
chk_2a8a345c0c769718,doc_4273494a72bdb1cd,814,hu,mixed
chk_972cbe75efeed225,doc_4273494a72bdb1cd,79,hu,mixed
chk_1a82d68338ee9773,doc_4273494a72bdb1cd,638,hu,mixed
chk_f8b5c8a897dd751b,doc_4273494a72bdb1cd,530,hu,mixed
chk_98edfde8988309a8,doc_4273494a72bdb1cd,643,hu,mixed
chk_11e0e19be3f01488,doc_4273494a72bdb1cd,662,hu,mixed
chk_fb2c7bb6201c6f26,doc_4273494a72bdb1cd,604,hu,mixed
chk_809f69d8053b1f00,doc_4273494a72bdb1cd,296,hu,mixed
chk_6b6604349e9c1380,doc_4273494a72bdb1cd,210,hu,mixed
chk_3cafecc37bd20b50,doc_4273494a72bdb1cd,507,hu,mixed
chk_8f5e13635d011f0b,doc_4273494a72bdb1cd,560,hu,code
chk_282af4fb1105e261,doc_4273494a72bdb1cd,53,hu,mixed
chk_13b9b7dfe85ea758,doc_4273494a72bdb1cd,552,hu,code
chk_b143982324774035,doc_4273494a72bdb1cd,116,hu,mixed
chk_eb9c3dd4bb9e2172,doc_4273494a72bdb1cd,695,hu,mixed
chk_b72b298d2b42040f,doc_4273494a72bdb1cd,709,hu,mixed
chk_4bf35479bc6af396,doc_4273494a72bdb1cd,321,hu,mixed
chk_7b9fbb86c7a1c221,doc_4273494a72bdb1cd,458,hu,code
chk_96528ee2e8dff2a0,doc_4273494a72bdb1cd,782,hu,mixed
chk_459c1751673acc7b,doc_4273494a72bdb1cd,550,hu,mixed
chk_f68b0a901d5c9294,doc_4273494a72bdb1cd,366,hu,mixed
chk_3416849a4986e555,doc_4273494a72bdb1cd,541,hu,mixed
chk_8599d68d1d08ce59,doc_4273494a72bdb1cd,525,hu,mixed
chk_fb0b72eedd412442,doc_4273494a72bdb1cd,836,hu,mixed
chk_55c78b40fb8d661c,doc_4273494a72bdb1cd,302,hu,mixed
chk_58a8af062324bdcc,doc_4273494a72bdb1cd,757,hu,mixed
chk_6d9f8768a44d4137,doc_4273494a72bdb1cd,171,hu,mixed
chk_4c9624754ed6f30b,doc_4273494a72bdb1cd,645,hu,mixed
chk_3dfee1a073b9b3bb,doc_4273494a72bdb1cd,43,hu,mixed
chk_e0cc85dcf6215373,doc_4273494a72bdb1cd,307,hu,code
chk_27cd27bcb97be55f,doc_4273494a72bdb1cd,304,hu,mixed
chk_6f9d66b234c03868,doc_4273494a72bdb1cd,786,hu,mixed
chk_1dc95707ff0db2ff,doc_4273494a72bdb1cd,45,hu,mixed
chk_f7e043fc11834b26,doc_4273494a72bdb1cd,383,hu,code
chk_b8b70f18d5705259,doc_4273494a72bdb1cd,625,hu,mixed
chk_a81af51f164fe3b4,doc_4273494a72bdb1cd,740,hu,mixed
chk_5b44966b88ecf43e,doc_4273494a72bdb1cd,139,hu,code
chk_b5975f94364183ce,doc_4273494a72bdb1cd,50,en,mixed
chk_7417332447a00519,doc_4273494a72bdb1cd,457,hu,code
chk_8553ef18c65df13a,doc_4273494a72bdb1cd,102,hu,mixed
chk_c3f10df7af704e9a,doc_4273494a72bdb1cd,104,hu,mixed
chk_92a5ce1397f3b9e6,doc_4273494a72bdb1cd,144,hu,mixed
chk_067e21364406f69f,doc_4273494a72bdb1cd,429,hu,code
chk_7b95655b4d43f65b,doc_4273494a72bdb1cd,91,hu,code
chk_9dc6c76d2d9f90b0,doc_4273494a72bdb1cd,364,hu,mixed
chk_62ed631e45d43110,doc_4273494a72bdb1cd,558,hu,mixed
chk_ca6fd89ec6f9e7e4,doc_4273494a72bdb1cd,554,hu,mixed
chk_2f02d274fd284a25,doc_4273494a72bdb1cd,361,hu,mixed
chk_ed928a88b8def422,doc_4273494a72bdb1cd,450,hu,code
chk_7cfc5b19ed46c3dd,doc_4273494a72bdb1cd,606,hu,mixed
chk_fb2670d10d8c6ad5,doc_4273494a72bdb1cd,643,hu,mixed
chk_46ec3e68480d8673,doc_4273494a72bdb1cd,414,hu,mixed
chk_de32c61d7f9f9973,doc_4273494a72bdb1cd,698,hu,mixed
chk_72c576ee446742f1,doc_4273494a72bdb1cd,417,hu,mixed
chk_6ec821a24868655c,doc_4273494a72bdb1cd,878,hu,mixed
chk_65120288fba7ab2f,doc_4273494a72bdb1cd,97,hu,mixed
chk_a434a4acb8ee211e,doc_4273494a72bdb1cd,866,hu,mixed
chk_7b4eeb38c1acd3aa,doc_4273494a72bdb1cd,124,hu,mixed
chk_7ac055aa8390bd97,doc_4273494a72bdb1cd,797,hu,mixed
chk_03288640e72cf9cc,doc_4273494a72bdb1cd,188,hu,mixed
chk_343e7474d307a745,doc_4273494a72bdb1cd,762,hu,mixed
chk_8def277220b8b1ee,doc_4273494a72bdb1cd,293,hu,mixed
chk_928278d2d6a629b8,doc_4273494a72bdb1cd,894,hu,mixed
chk_ec7f2780bf77e7ad,doc_4273494a72bdb1cd,803,hu,mixed
chk_3fec693b0bdd5b41,doc_4273494a72bdb1cd,815,hu,mixed
chk_3aaa43c01748793b,doc_4273494a72bdb1cd,182,hu,mixed
chk_a2b8bd987ab6ad0c,doc_4273494a72bdb1cd,543,hu,mixed
chk_e53559e43874f90e,doc_4273494a72bdb1cd,593,hu,mixed
chk_edf345942b0138c5,doc_4273494a72bdb1cd,389,hu,code
chk_d0889a72f7dccffe,doc_4273494a72bdb1cd,50,hu,mixed
chk_d975a8b0fc5a4527,doc_4273494a72bdb1cd,72,hu,mixed
chk_2de7814b99eb156f,doc_4273494a72bdb1cd,197,hu,code
chk_bbd9f3849a92043f,doc_4273494a72bdb1cd,585,hu,mixed
chk_0b3eb13a1d47832a,doc_4273494a72bdb1cd,700,hu,mixed
chk_875d9cb17c0e9217,doc_4273494a72bdb1cd,372,hu,mixed
chk_a7462135f93d2364,doc_4273494a72bdb1cd,455,hu,mixed
chk_ca4bf6fe0fcc0590,doc_4273494a72bdb1cd,625,hu,mixed
chk_257418309c0949c1,doc_4273494a72bdb1cd,581,hu,mixed
chk_5fbfc04939b0f45b,doc_4273494a72bdb1cd,341,hu,mixed
chk_45ecebd80fbdf36b,doc_4273494a72bdb1cd,621,hu,mixed
chk_5bc825ef4b8cd30e,doc_4273494a72bdb1cd,730,hu,mixed
chk_216d19e811f42a15,doc_4273494a72bdb1cd,43,hu,mixed
chk_fed76f294c0ad568,doc_4273494a72bdb1cd,221,hu,code
chk_d009453987b624ba,doc_4273494a72bdb1cd,132,hu,mixed
chk_404d378e413b9937,doc_4273494a72bdb1cd,553,hu,mixed
chk_22391efcefeb072f,doc_4273494a72bdb1cd,590,hu,mixed
chk_6ec6f3f1076cce69,doc_4273494a72bdb1cd,316,hu,mixed
chk_645ca8996b4cc074,doc_4273494a72bdb1cd,267,hu,mixed
chk_19012bdc5e3a7488,doc_4273494a72bdb1cd,607,hu,mixed
chk_cd32141df92f6e29,doc_4273494a72bdb1cd,593,hu,mixed
chk_6af6ddc087293478,doc_4273494a72bdb1cd,504,hu,mixed
chk_562bffae5afea71b,doc_4273494a72bdb1cd,453,hu,mixed
chk_4cc37a95328d5c3c,doc_4273494a72bdb1cd,898,hu,mixed
chk_e9aa62bf51f33f99,doc_4273494a72bdb1cd,417,hu,mixed
chk_9b4f9534384d416f,doc_4273494a72bdb1cd,712,hu,mixed
chk_29a0c2d0a008806e,doc_4273494a72bdb1cd,330,hu,mixed
chk_40cd12d5c80ab1bd,doc_4273494a72bdb1cd,262,hu,mixed
chk_66a068378a179477,doc_4273494a72bdb1cd,878,hu,mixed
chk_472cd3bc4d75c249,doc_4273494a72bdb1cd,415,hu,code
chk_cf16c8b9284a0d54,doc_4273494a72bdb1cd,693,hu,mixed
chk_cc4361cb002dd5c8,doc_4273494a72bdb1cd,568,hu,mixed
chk_ce584b2507e55506,doc_4273494a72bdb1cd,466,hu,mixed
chk_260f70b0727cd82c,doc_4273494a72bdb1cd,109,hu,mixed
chk_2ff830b3b009fe9f,doc_4273494a72bdb1cd,565,hu,code
chk_b4d7939cafa2e929,doc_4273494a72bdb1cd,209,hu,mixed
chk_1d9cb06bfcc74078,doc_4273494a72bdb1cd,900,hu,mixed
chk_5ae60ba68028a89b,doc_4273494a72bdb1cd,220,hu,mixed
chk_08b41d85be2caa07,doc_4273494a72bdb1cd,661,hu,mixed
chk_9c1fd381b8755a5e,doc_4273494a72bdb1cd,217,hu,mixed
chk_d2c63ae61b14a214,doc_4273494a72bdb1cd,431,hu,mixed
chk_779ea4dd9bc010bb,doc_4273494a72bdb1cd,449,hu,mixed
chk_566241bba216cdef,doc_4273494a72bdb1cd,386,hu,mixed
chk_c4d94d8357faacb1,doc_4273494a72bdb1cd,791,hu,mixed
chk_a1b94502086a68f4,doc_4273494a72bdb1cd,538,hu,mixed
chk_2c3a5b7a905b95b7,doc_4273494a72bdb1cd,883,hu,mixed
chk_a461e8e2cf5e2e9e,doc_4273494a72bdb1cd,320,hu,mixed
chk_892495233ab4729d,doc_4273494a72bdb1cd,383,hu,code
chk_f31ecd1ea884b729,doc_4273494a72bdb1cd,710,hu,mixed
chk_06cd1d6638ca5f6c,doc_4273494a72bdb1cd,799,hu,mixed
chk_bcdf061f695e5223,doc_4273494a72bdb1cd,51,hu,mixed
chk_d45ac6c6f8ace976,doc_4273494a72bdb1cd,712,hu,mixed
chk_e0453f200f9f8dbf,doc_4273494a72bdb1cd,891,hu,mixed
chk_48bc19c37c0a7571,doc_4273494a72bdb1cd,287,hu,mixed
chk_c02c8bc35fe5167b,doc_4273494a72bdb1cd,381,hu,mixed
chk_83d6da79976c266e,doc_4273494a72bdb1cd,607,hu,mixed
chk_94c00a509e5936d3,doc_4273494a72bdb1cd,626,hu,mixed
chk_5533a65671977f8d,doc_4273494a72bdb1cd,156,hu,mixed
chk_48c0b930ed0b4bf9,doc_4273494a72bdb1cd,919,hu,mixed
chk_bb2cc4262a41829a,doc_4273494a72bdb1cd,340,hu,mixed
chk_9bae4c77544ae537,doc_4273494a72bdb1cd,896,hu,mixed
chk_8c6d34417649eea4,doc_4273494a72bdb1cd,286,hu,mixed
chk_75ad88be4dd7ada5,doc_4273494a72bdb1cd,459,hu,mixed
chk_c8dcef8e5a73fc46,doc_4273494a72bdb1cd,805,hu,mixed
chk_0aec318c4a618fff,doc_4273494a72bdb1cd,265,hu,mixed
chk_707bda60cd7e653c,doc_4273494a72bdb1cd,532,hu,mixed
chk_c558981189e293ee,doc_4273494a72bdb1cd,753,hu,mixed
chk_7956f91c08f1bcc1,doc_4273494a72bdb1cd,847,hu,mixed
chk_22cb07cc111d1e27,doc_4273494a72bdb1cd,194,hu,mixed
chk_bb70dd6fce8edd59,doc_4273494a72bdb1cd,575,hu,mixed
chk_5206eb8eca96f9ca,doc_4273494a72bdb1cd,769,hu,mixed
chk_3f09c3eafe9b1c1f,doc_4273494a72bdb1cd,754,hu,mixed
chk_3af89ccd61f2fe32,doc_4273494a72bdb1cd,635,hu,mixed
chk_deeb8db72caf17ea,doc_4273494a72bdb1cd,483,hu,mixed
chk_40a37e2d80975b7e,doc_4273494a72bdb1cd,782,hu,mixed
chk_ab7e248198041e08,doc_4273494a72bdb1cd,883,hu,mixed
chk_fb1a78b3c053ecaf,doc_4273494a72bdb1cd,341,hu,mixed
chk_0d4c6a6997691c6c,doc_4273494a72bdb1cd,636,hu,mixed
chk_798e5f59d5d68bce,doc_4273494a72bdb1cd,347,hu,mixed
chk_2c088f481fdce01c,doc_4273494a72bdb1cd,611,hu,mixed
chk_7e4dfcfc927762e5,doc_4273494a72bdb1cd,309,hu,mixed
chk_78ce771d3f276d1f,doc_4273494a72bdb1cd,579,hu,mixed
chk_ad3bd20695df1c29,doc_4273494a72bdb1cd,327,hu,mixed
chk_317bb84a1a73124f,doc_4273494a72bdb1cd,560,hu,mixed
chk_3e8ec5b413eade72,doc_4273494a72bdb1cd,235,hu,mixed
chk_1e3ad5a1c96a7cb8,doc_4273494a72bdb1cd,841,hu,mixed
chk_780bca167038f7fc,doc_4273494a72bdb1cd,246,hu,mixed
chk_293404a3c831c1f0,doc_4273494a72bdb1cd,848,hu,mixed
chk_de7610c607d7f60d,doc_4273494a72bdb1cd,288,hu,mixed
chk_74c5e99c063332b5,doc_4273494a72bdb1cd,485,hu,mixed
chk_708f952640b7ca76,doc_4273494a72bdb1cd,753,hu,mixed
chk_0e8bcd0d1df04209,doc_4273494a72bdb1cd,798,hu,mixed
chk_dab0fcfa59a1e341,doc_4273494a72bdb1cd,243,en,mixed
chk_0e4b189304343d88,doc_4273494a72bdb1cd,264,hu,mixed
chk_c82b419ef6d26a8e,doc_4273494a72bdb1cd,375,hu,mixed
chk_ce7a445d252d9bee,doc_4273494a72bdb1cd,347,hu,mixed
chk_5fa7f9ab34876f50,doc_4273494a72bdb1cd,357,hu,mixed
chk_3709e97c2a7bd404,doc_4273494a72bdb1cd,332,hu,mixed
chk_4a3739cb2e3509b7,doc_4273494a72bdb1cd,724,hu,mixed
chk_7d5bb4c6724fcb9c,doc_4273494a72bdb1cd,189,hu,mixed
chk_8230e5e55ea47cd4,doc_4273494a72bdb1cd,375,hu,mixed
chk_959ec7da7e6058a0,doc_4273494a72bdb1cd,634,hu,mixed
chk_29407ced52f77589,doc_4273494a72bdb1cd,349,hu,mixed
chk_1b0dd77d990f4941,doc_4273494a72bdb1cd,668,hu,mixed
chk_826ab109841cc987,doc_4273494a72bdb1cd,643,hu,mixed
chk_70f18db0127d4a73,doc_4273494a72bdb1cd,259,hu,mixed
chk_69e6d85658e44b82,doc_4273494a72bdb1cd,775,hu,mixed
chk_23e00646eeafe449,doc_4273494a72bdb1cd,220,hu,mixed
chk_e7c8d71acc70a10b,doc_4273494a72bdb1cd,57,hu,mixed
chk_c822318250af9621,doc_4273494a72bdb1cd,348,hu,mixed
chk_bf232ec77587b077,doc_4273494a72bdb1cd,956,hu,mixed
chk_6bfbc7bb39a6d201,doc_4273494a72bdb1cd,763,hu,mixed
chk_139f586f715f41f5,doc_4273494a72bdb1cd,547,hu,mixed
chk_f23f1f97c550e3ba,doc_4273494a72bdb1cd,716,hu,mixed
chk_190a716a4edeff02,doc_4273494a72bdb1cd,531,hu,mixed
chk_c4c51b28921b29e8,doc_4273494a72bdb1cd,825,hu,mixed
chk_78d28a7adec7386a,doc_4273494a72bdb1cd,424,hu,mixed
chk_36bb8ca53a8b61b1,doc_4273494a72bdb1cd,625,hu,mixed
chk_d655a5f5bd16c4eb,doc_4273494a72bdb1cd,72,hu,mixed
chk_1f4d029f349c3a14,doc_4273494a72bdb1cd,885,hu,mixed
chk_7037be789f4a20d1,doc_4273494a72bdb1cd,377,hu,mixed
chk_aa6911830e1a1613,doc_4273494a72bdb1cd,84,hu,mixed
chk_309142386b92ad82,doc_4273494a72bdb1cd,289,hu,mixed
chk_d90eebb6e5a3a000,doc_4273494a72bdb1cd,823,hu,mixed
chk_e8f416522871e04c,doc_4273494a72bdb1cd,808,hu,mixed
chk_feee50c3412fcecb,doc_4273494a72bdb1cd,898,hu,mixed
chk_93a961ecaab0abfe,doc_4273494a72bdb1cd,433,hu,mixed
chk_788b7a9c789cffcf,doc_4273494a72bdb1cd,704,hu,mixed
chk_528c74270440d3db,doc_4273494a72bdb1cd,780,hu,mixed
chk_eda8a5a1217981dd,doc_4273494a72bdb1cd,250,hu,mixed
chk_fdae6a9bd7ec8861,doc_4273494a72bdb1cd,824,hu,mixed
chk_a88db9e06626f714,doc_4273494a72bdb1cd,811,hu,mixed
chk_e1a95e2f2272b34b,doc_4273494a72bdb1cd,272,en,mixed
chk_9b285c459b4f9751,doc_4273494a72bdb1cd,868,hu,mixed
chk_8aba7f2083e38aa6,doc_4273494a72bdb1cd,752,en,mixed
chk_b0a889139c073e69,doc_4273494a72bdb1cd,559,hu,mixed
chk_d79b2c1a8df417fd,doc_4273494a72bdb1cd,144,hu,code
chk_5f7379d329c0d55a,doc_4273494a72bdb1cd,182,hu,mixed
chk_8e2e4e44742b32d2,doc_4273494a72bdb1cd,286,hu,mixed
chk_705845a3e9df6ad3,doc_4273494a72bdb1cd,181,hu,code
chk_0bde7bea1afb0076,doc_4273494a72bdb1cd,681,hu,mixed
chk_e918534a640696f6,doc_4273494a72bdb1cd,325,hu,mixed
chk_4dcd101bad7133ce,doc_4273494a72bdb1cd,948,hu,mixed
chk_df0ddfd815142091,doc_4273494a72bdb1cd,695,hu,mixed
chk_8e4563c72cff4f5c,doc_4273494a72bdb1cd,245,hu,mixed
chk_99ed73da02b64fda,doc_4273494a72bdb1cd,413,hu,mixed
chk_730ed17977220df4,doc_4273494a72bdb1cd,337,hu,mixed
chk_c30cce9b135abd00,doc_4273494a72bdb1cd,825,hu,mixed
chk_50f2aa9ac6303253,doc_4273494a72bdb1cd,340,hu,code
chk_3e9033e1935173e3,doc_4273494a72bdb1cd,284,hu,mixed
chk_2d59b8629d782c55,doc_4273494a72bdb1cd,697,hu,mixed
chk_1c474d6901866857,doc_4273494a72bdb1cd,684,hu,mixed
chk_f9b2daf4df0b8459,doc_4273494a72bdb1cd,497,hu,mixed
chk_30b511d2a0a48c96,doc_4273494a72bdb1cd,409,hu,mixed
chk_3f33dd76a29c27f1,doc_4273494a72bdb1cd,888,hu,mixed
chk_489af562c8d09d5a,doc_4273494a72bdb1cd,154,hu,mixed
chk_0ca17f1f95511064,doc_4273494a72bdb1cd,249,hu,mixed
chk_c0b9a8b72875e82e,doc_4273494a72bdb1cd,813,hu,mixed
chk_aa2a27eb58b38303,doc_4273494a72bdb1cd,451,hu,mixed
chk_e0ac0e8d21359251,doc_4273494a72bdb1cd,442,hu,mixed
chk_19f7abd4894ca33f,doc_4273494a72bdb1cd,180,hu,mixed
chk_c76d15e437648a81,doc_4273494a72bdb1cd,298,hu,code
chk_eb027e1d2b1b0191,doc_4273494a72bdb1cd,582,hu,mixed
chk_e9fab9316763eb0e,doc_4273494a72bdb1cd,55,hu,mixed
chk_e09445fee3b76fce,doc_4273494a72bdb1cd,259,hu,mixed
chk_24855b14fac7b7ba,doc_4273494a72bdb1cd,797,hu,code
chk_81b4eec2f9621016,doc_4273494a72bdb1cd,583,hu,mixed
chk_7697f929d0ffe035,doc_4273494a72bdb1cd,673,hu,mixed
chk_323106ce601d2a5d,doc_4273494a72bdb1cd,832,hu,mixed
chk_7768ee188aadd5f7,doc_4273494a72bdb1cd,157,hu,mixed
chk_ade574b6beaa850d,doc_4273494a72bdb1cd,824,hu,mixed
chk_6bc261c73edef0b8,doc_4273494a72bdb1cd,229,hu,mixed
chk_b75a9dfeed574526,doc_4273494a72bdb1cd,855,hu,mixed
chk_828168c84f1f9501,doc_4273494a72bdb1cd,52,hu,code
chk_801e94a2620584cf,doc_4273494a72bdb1cd,777,hu,mixed
chk_73c706b13b44317d,doc_4273494a72bdb1cd,474,hu,mixed
chk_dba3fa2abbdddf20,doc_4273494a72bdb1cd,556,hu,mixed
chk_65c64a6bb23135e0,doc_4273494a72bdb1cd,84,hu,mixed
chk_5ee84266890537d1,doc_4273494a72bdb1cd,1229,hu,mixed
chk_e3d9fe6ac13c015a,doc_4273494a72bdb1cd,842,hu,mixed
chk_4a8af5b74c70b3d3,doc_4273494a72bdb1cd,151,hu,mixed
chk_930a20c87afdbec9,doc_4273494a72bdb1cd,124,hu,mixed
chk_9bbda9f0546ba5c6,doc_4273494a72bdb1cd,674,hu,mixed
chk_f24281d2d03657b7,doc_4273494a72bdb1cd,433,hu,code
chk_b8dc05da1a88a1e1,doc_4273494a72bdb1cd,277,hu,mixed
chk_7136b683932e8e8f,doc_4273494a72bdb1cd,287,hu,code
chk_8d59a1a5d9560f9a,doc_4273494a72bdb1cd,320,hu,mixed
chk_7cc80ebc184cee76,doc_4273494a72bdb1cd,501,hu,code
chk_3d839406b3f44cc1,doc_4273494a72bdb1cd,50,hu,mixed
chk_12fa4760e20639d5,doc_4273494a72bdb1cd,238,hu,code
chk_fc0c8b056e11d065,doc_4273494a72bdb1cd,66,en,mixed
chk_43b736ce65a1afa1,doc_4273494a72bdb1cd,692,hu,mixed
chk_854cfa17afa28210,doc_4273494a72bdb1cd,729,hu,mixed
chk_bcc2cb2d2ae7c6b3,doc_4273494a72bdb1cd,617,hu,mixed
chk_c2840d436e56f727,doc_4273494a72bdb1cd,695,hu,mixed
chk_f7d2f7a726812916,doc_4273494a72bdb1cd,528,hu,mixed
chk_06ad32f4dcfe9251,doc_4273494a72bdb1cd,283,hu,mixed
chk_1eaa581277b4a011,doc_4273494a72bdb1cd,828,hu,mixed
chk_57d9f29933542813,doc_4273494a72bdb1cd,420,hu,mixed
chk_8dfaa6600624ff16,doc_4273494a72bdb1cd,414,hu,code
chk_5a1710a7875e233d,doc_4273494a72bdb1cd,624,hu,mixed
chk_316512bb9d68ad24,doc_4273494a72bdb1cd,762,hu,mixed
chk_b66f4e9a25c3aff7,doc_4273494a72bdb1cd,491,hu,mixed
chk_55dbfbb4d0edc7ff,doc_4273494a72bdb1cd,600,hu,mixed
chk_800d78a4072654b4,doc_4273494a72bdb1cd,616,hu,mixed
chk_62638a315a8025b4,doc_4273494a72bdb1cd,72,hu,mixed
chk_629d8def2baff860,doc_4273494a72bdb1cd,833,hu,mixed
chk_ea95878162c2fba4,doc_4273494a72bdb1cd,214,hu,mixed
chk_f3b56bd5d0e1145a,doc_4273494a72bdb1cd,517,hu,mixed
chk_989265e1c0c6cb21,doc_4273494a72bdb1cd,749,hu,mixed
chk_11be01cb57b3a512,doc_4273494a72bdb1cd,806,hu,mixed
chk_c5a1b9220940fdff,doc_4273494a72bdb1cd,429,hu,mixed
chk_df29d094e3750381,doc_4273494a72bdb1cd,368,hu,mixed
chk_500b174e71a1a033,doc_4273494a72bdb1cd,582,hu,mixed
chk_f6f26ef1fd9b3afd,doc_4273494a72bdb1cd,406,hu,mixed
chk_8e0bd0bdf6afd26f,doc_4273494a72bdb1cd,70,hu,mixed
chk_4d76b918bafb413f,doc_4273494a72bdb1cd,889,hu,mixed
chk_e0fe44d9df356f30,doc_4273494a72bdb1cd,280,hu,mixed
chk_fa9c8e92a23c7a56,doc_4273494a72bdb1cd,815,hu,mixed
chk_cd95e1d9ee42206f,doc_4273494a72bdb1cd,734,hu,mixed
chk_ef53801b2d495b88,doc_4273494a72bdb1cd,611,hu,mixed
chk_9b4d750aee7a0eb1,doc_4273494a72bdb1cd,819,hu,mixed
chk_0e336a9f77a4ca45,doc_4273494a72bdb1cd,382,hu,mixed
chk_2e4f346d9fbc1d7a,doc_4273494a72bdb1cd,751,hu,mixed
chk_1f2381b57b3b5421,doc_4273494a72bdb1cd,391,hu,mixed
chk_7fcf33b798b386ea,doc_4273494a72bdb1cd,183,hu,code
chk_92d5a038c0f0f04f,doc_4273494a72bdb1cd,822,hu,mixed
chk_9ef857fd141a2baf,doc_4273494a72bdb1cd,623,hu,mixed
chk_4802cdff66a2b1bd,doc_4273494a72bdb1cd,386,hu,mixed
chk_a0a6a9f770a60e2b,doc_4273494a72bdb1cd,509,hu,code
chk_35543ee95da297d9,doc_4273494a72bdb1cd,149,hu,mixed
chk_ee668f4f459c3a1f,doc_4273494a72bdb1cd,702,hu,mixed
chk_7d9ecb4a87c3d282,doc_4273494a72bdb1cd,609,hu,mixed
chk_084294886e90d8c5,doc_4273494a72bdb1cd,581,hu,mixed
chk_7d5c5fbd6e0ec0a2,doc_4273494a72bdb1cd,484,hu,mixed
chk_74d6f25d64b4342c,doc_4273494a72bdb1cd,198,hu,mixed
chk_831363d5dcb7b568,doc_4273494a72bdb1cd,541,hu,code
chk_66b51976f191102a,doc_4273494a72bdb1cd,250,hu,mixed
chk_309b0fde1be273ea,doc_4273494a72bdb1cd,40,hu,mixed
chk_8de2a9dc9b9fd070,doc_4273494a72bdb1cd,92,hu,code
chk_6fde641d0f26f812,doc_4273494a72bdb1cd,120,hu,mixed
chk_3a8e044e7b255fb7,doc_4273494a72bdb1cd,78,hu,code
chk_24b79706267c8ef9,doc_4273494a72bdb1cd,154,hu,mixed
chk_d8ef6ed6683d54a5,doc_4273494a72bdb1cd,81,hu,code
chk_d5dc4bc5f20b22ee,doc_4273494a72bdb1cd,250,hu,mixed
chk_3afcde2a4a61ec50,doc_4273494a72bdb1cd,702,hu,mixed
chk_5c1bbd018f06cde3,doc_4273494a72bdb1cd,571,hu,mixed
chk_fc96e77b37d09d96,doc_4273494a72bdb1cd,778,hu,mixed
chk_17b855f356554207,doc_4273494a72bdb1cd,146,hu,mixed
chk_a9126c5fc21b029f,doc_4273494a72bdb1cd,747,hu,mixed
chk_365fc244636404b3,doc_4273494a72bdb1cd,271,hu,mixed
chk_cf892ae8ee990db8,doc_4273494a72bdb1cd,83,en,mixed
chk_7f97d3083d02f9ac,doc_4273494a72bdb1cd,482,hu,mixed
chk_47357cd056580d4e,doc_4273494a72bdb1cd,794,hu,mixed
chk_b19bd22ea6de1003,doc_4273494a72bdb1cd,268,hu,mixed
chk_d83f65dc67c49d93,doc_4273494a72bdb1cd,724,hu,mixed
chk_92eda445428d72d1,doc_4273494a72bdb1cd,878,hu,mixed
chk_f74323b784a46d72,doc_4273494a72bdb1cd,23,hu,mixed
chk_e46c8f508226b8e9,doc_4273494a72bdb1cd,454,hu,mixed
chk_c140240e13faf6a3,doc_4273494a72bdb1cd,529,hu,mixed
chk_e73d028a1326917c,doc_4273494a72bdb1cd,242,hu,mixed
chk_eb0c9fcc41a86331,doc_4273494a72bdb1cd,252,hu,code
chk_6ef76faaafafd240,doc_4273494a72bdb1cd,313,hu,mixed
chk_9582297f6454a0d9,doc_4273494a72bdb1cd,712,hu,mixed
chk_02f6d7b28a527396,doc_4273494a72bdb1cd,207,hu,mixed
chk_c46614223364284d,doc_4273494a72bdb1cd,751,hu,mixed
chk_855dba12c173c11d,doc_4273494a72bdb1cd,469,hu,mixed
chk_4065a262287cecbe,doc_4273494a72bdb1cd,875,hu,mixed
chk_2090e0ea3901ced0,doc_4273494a72bdb1cd,722,hu,mixed
chk_875393d9cb5bcc69,doc_4273494a72bdb1cd,656,hu,mixed
chk_2e89e4be9c55966d,doc_4273494a72bdb1cd,677,hu,mixed
chk_76b70c74e9b4ef4c,doc_4273494a72bdb1cd,180,hu,mixed
chk_f6c20ae611c33c69,doc_4273494a72bdb1cd,895,hu,mixed
chk_4a8589406a6833ea,doc_4273494a72bdb1cd,35,hu,mixed
chk_2389fe4119665f46,doc_4273494a72bdb1cd,633,hu,mixed
chk_9b3ada76c99189d3,doc_4273494a72bdb1cd,316,hu,mixed
chk_472774c235f1fc9c,doc_4273494a72bdb1cd,262,hu,mixed
chk_4a7de6cb28af3cae,doc_4273494a72bdb1cd,438,hu,code
chk_6f31578007886dae,doc_4273494a72bdb1cd,349,hu,mixed
chk_390b532291b15470,doc_4273494a72bdb1cd,333,hu,code
chk_2e3155b364d10f92,doc_4273494a72bdb1cd,603,hu,mixed
chk_b0cbd957c75c651d,doc_4273494a72bdb1cd,536,hu,mixed
chk_8c0481b4b6dbf2c8,doc_4273494a72bdb1cd,396,hu,mixed
chk_33b4131a3b626944,doc_4273494a72bdb1cd,634,hu,mixed
chk_ccfdd439a459ac66,doc_4273494a72bdb1cd,894,hu,mixed
chk_18e593e43c23a90b,doc_4273494a72bdb1cd,163,hu,mixed
chk_f1a802655555e6e3,doc_4273494a72bdb1cd,470,hu,mixed
chk_0ea5e437ba43097e,doc_4273494a72bdb1cd,290,hu,mixed
chk_6c9a1af648e56a1e,doc_4273494a72bdb1cd,885,hu,mixed
chk_61470e1cd31b568f,doc_4273494a72bdb1cd,242,hu,mixed
chk_0359c5152f45f396,doc_4273494a72bdb1cd,752,hu,mixed
chk_f430fdfce696c540,doc_4273494a72bdb1cd,511,hu,mixed
chk_f9e89149d8449409,doc_4273494a72bdb1cd,174,hu,code
chk_3b37c549c85f2550,doc_4273494a72bdb1cd,205,hu,mixed
chk_d523f171923f6a1c,doc_4273494a72bdb1cd,753,hu,mixed
chk_245e62c902956fd2,doc_4273494a72bdb1cd,133,hu,code
chk_d396cde2680b9725,doc_4273494a72bdb1cd,834,hu,mixed
chk_a6fff149b0b68de4,doc_4273494a72bdb1cd,136,hu,mixed
chk_f3c5d6a6736482ab,doc_4273494a72bdb1cd,174,hu,mixed
chk_9052b8bc78f5ec3a,doc_4273494a72bdb1cd,470,hu,mixed
chk_8c348ad4f4c438e8,doc_4273494a72bdb1cd,797,hu,mixed
chk_a3cf44099894a2cf,doc_4273494a72bdb1cd,660,hu,mixed
chk_b0c157d9c2feb970,doc_4273494a72bdb1cd,407,hu,mixed
chk_f2e2c6a53fdabe20,doc_4273494a72bdb1cd,891,hu,mixed
chk_ec5d46de9ac0fae4,doc_4273494a72bdb1cd,361,hu,mixed
chk_f668ea4a20546968,doc_4273494a72bdb1cd,256,hu,mixed
chk_a7fa4fa9d730d619,doc_4273494a72bdb1cd,201,hu,mixed
chk_7bcf302f19b83819,doc_4273494a72bdb1cd,704,hu,mixed
chk_f2a6d2d4a5715061,doc_4273494a72bdb1cd,553,hu,code
chk_b78dc11cbd70a0f0,doc_4273494a72bdb1cd,455,hu,mixed
chk_957263da08b3b919,doc_4273494a72bdb1cd,809,hu,mixed
chk_867206f08c9f93c5,doc_4273494a72bdb1cd,75,hu,mixed
chk_f317a61113bfd162,doc_4273494a72bdb1cd,886,hu,mixed
chk_a85e26ad2a723256,doc_4273494a72bdb1cd,412,hu,mixed
chk_a84148445fec73bf,doc_4273494a72bdb1cd,756,hu,mixed
chk_b931784869bf48f9,doc_4273494a72bdb1cd,469,hu,mixed
chk_1a83b31615a1dfb9,doc_4273494a72bdb1cd,722,hu,mixed
chk_f48c06fd73ebe1fa,doc_4273494a72bdb1cd,645,hu,mixed
chk_669e66d5f6575211,doc_4273494a72bdb1cd,643,hu,mixed
chk_b6fc792df5303a0a,doc_4273494a72bdb1cd,524,hu,mixed
chk_bd04b1537ee4374b,doc_4273494a72bdb1cd,591,hu,mixed
chk_eff064ec11c3b762,doc_4273494a72bdb1cd,332,hu,mixed
chk_3b91230f553af772,doc_4273494a72bdb1cd,144,hu,mixed
chk_819b9c9026aedf48,doc_4273494a72bdb1cd,202,hu,mixed
chk_a9c70d3549e532c3,doc_4273494a72bdb1cd,47,hu,mixed
chk_b6fc595004125325,doc_4273494a72bdb1cd,365,hu,code
chk_97749d077119a74a,doc_4273494a72bdb1cd,698,hu,mixed
chk_43cce08ff70b1335,doc_4273494a72bdb1cd,144,hu,mixed
chk_8a7b3d75b4c9997e,doc_4273494a72bdb1cd,360,hu,mixed
chk_0dc69f5608839a31,doc_4273494a72bdb1cd,478,hu,mixed
chk_e2201973cbca398b,doc_4273494a72bdb1cd,49,hu,mixed
chk_0f35983f5622608c,doc_4273494a72bdb1cd,863,hu,mixed
chk_1dff2713a9b6dba8,doc_4273494a72bdb1cd,540,hu,mixed
chk_4263d0f990e343d3,doc_4273494a72bdb1cd,220,hu,code
chk_7d8c3db8c582ee19,doc_4273494a72bdb1cd,22,hu,mixed
chk_a1220bfc9553e411,doc_4273494a72bdb1cd,15,en,code
chk_19d6144509469752,doc_4273494a72bdb1cd,32,hu,mixed
chk_f9d9f940caa0fbea,doc_4273494a72bdb1cd,1,en,code
chk_ecf2b06bce768a93,doc_4273494a72bdb1cd,2,en,code
chk_64e1bafb4a36f234,doc_4273494a72bdb1cd,13,en,code
chk_b763b645a4b93fe2,doc_4273494a72bdb1cd,51,en,mixed
chk_efac32c93d65c401,doc_4273494a72bdb1cd,15,en,code
chk_9c8201d1a3c18b17,doc_4273494a72bdb1cd,25,hu,mixed
chk_2bd469794062fc96,doc_4273494a72bdb1cd,1,en,code
chk_18d2daa70104cd5f,doc_4273494a72bdb1cd,2,en,code
chk_662c864a90bff0e5,doc_4273494a72bdb1cd,22,en,code
chk_745f1c3c08e80186,doc_4273494a72bdb1cd,52,en,mixed
chk_3e1a14baaa227d7b,doc_4273494a72bdb1cd,15,en,code
chk_8ec2bcc9fb77425a,doc_4273494a72bdb1cd,27,hu,mixed
chk_935f5a8708e1e78b,doc_4273494a72bdb1cd,1,en,code
chk_6cb77a464d796add,doc_4273494a72bdb1cd,2,en,code
chk_4e770632f0a807af,doc_4273494a72bdb1cd,18,en,code
chk_debd0878a8ed776f,doc_4273494a72bdb1cd,53,en,mixed
chk_b1d6ea8b9cd85080,doc_4273494a72bdb1cd,15,en,code
chk_5e4ca6cc765b907f,doc_4273494a72bdb1cd,37,hu,mixed
chk_699f06456a2de2fb,doc_4273494a72bdb1cd,1,en,code
chk_c00ecdc8249853e3,doc_4273494a72bdb1cd,2,en,code
chk_54776defe36458a1,doc_4273494a72bdb1cd,16,en,code
chk_c74191722db5cf13,doc_4273494a72bdb1cd,47,en,mixed
chk_4e704e5fa6890cb8,doc_4273494a72bdb1cd,15,en,code
chk_615df2e8ec5ad6ec,doc_4273494a72bdb1cd,34,hu,mixed
chk_d32bacb639919d9b,doc_4273494a72bdb1cd,1,en,code
chk_f01980ae592fdec3,doc_4273494a72bdb1cd,2,en,code
chk_4b1e52a73eff8812,doc_4273494a72bdb1cd,18,en,code
chk_345fd6746b84c318,doc_4273494a72bdb1cd,53,en,mixed
chk_2e16b59b1e2a8c8e,doc_4273494a72bdb1cd,15,en,code
chk_c12af5a999eb02a4,doc_4273494a72bdb1cd,37,hu,mixed
chk_40e9ed4ba93bdcbd,doc_4273494a72bdb1cd,1,en,code
chk_130fae216abcb5df,doc_4273494a72bdb1cd,2,en,code
chk_b1eaccbbdc4863c6,doc_4273494a72bdb1cd,16,en,code
chk_23c917abd4b5a8ac,doc_4273494a72bdb1cd,47,en,mixed
chk_61a53aa7066d59a2,doc_4273494a72bdb1cd,15,en,code
chk_4935559d528cdfdf,doc_4273494a72bdb1cd,34,hu,mixed
chk_e4a35fb917415f3c,doc_4273494a72bdb1cd,1,en,code
chk_baee7216b2d09a74,doc_4273494a72bdb1cd,1,en,code
chk_b3e440f92f03f68c,doc_4273494a72bdb1cd,2,en,code
chk_00209f71df0a9c67,doc_4273494a72bdb1cd,239,hu,code
chk_73131ec61f710cb9,doc_4273494a72bdb1cd,241,en,code
chk_0a0865f46a5509ce,doc_4273494a72bdb1cd,489,hu,mixed
chk_b0e3620a68c7e15a,doc_4273494a72bdb1cd,299,hu,mixed
chk_ded068fda7dc6440,doc_4273494a72bdb1cd,830,hu,mixed
chk_8b5f33821b201747,doc_4273494a72bdb1cd,730,hu,mixed
chk_f79a1d6cf6fd2c69,doc_4273494a72bdb1cd,540,hu,mixed
chk_4600bc9e2bc7f8e6,doc_4273494a72bdb1cd,800,hu,mixed
chk_a5caca6a29897adf,doc_4273494a72bdb1cd,416,hu,mixed
chk_5c98acbd5b6769f3,doc_4273494a72bdb1cd,451,hu,mixed
chk_a0a53e6e75ea5c5c,doc_4273494a72bdb1cd,468,hu,code
chk_94c75e289bc8b86b,doc_4273494a72bdb1cd,2,en,code
chk_d6786c24db761936,doc_4273494a72bdb1cd,16,en,code
chk_c347c2ad9a0ff339,doc_4273494a72bdb1cd,187,hu,code
chk_b3d2f93dbbd48992,doc_4273494a72bdb1cd,38,en,mixed
chk_ff9a6df62a93541a,doc_4273494a72bdb1cd,82,en,code
chk_af34bbfc844598c3,doc_4273494a72bdb1cd,1,en,code
chk_3afa56b0f8ec96ea,doc_4273494a72bdb1cd,386,hu,mixed
chk_49cedb0784e4b274,doc_4273494a72bdb1cd,772,hu,mixed
chk_4a1e4e02489c29dd,doc_4273494a72bdb1cd,537,hu,mixed
chk_333921c6c86991c6,doc_4273494a72bdb1cd,864,hu,mixed
chk_da02838859eea376,doc_4273494a72bdb1cd,589,hu,mixed
chk_00dcc2c45dbdb0dc,doc_4273494a72bdb1cd,1030,hu,mixed
chk_6dad707fe09b8b01,doc_4273494a72bdb1cd,325,hu,mixed
chk_da8e33a8c4c0dd8e,doc_4273494a72bdb1cd,853,hu,mixed
chk_689b9d202815dece,doc_4273494a72bdb1cd,94,en,mixed
chk_6a507e03fe8ec503,doc_4273494a72bdb1cd,851,hu,mixed
chk_10b20ddcabbbd41d,doc_4273494a72bdb1cd,789,hu,mixed
chk_efbe6a460106b168,doc_4273494a72bdb1cd,266,hu,mixed
chk_a55e200fcedc39f1,doc_4273494a72bdb1cd,220,hu,mixed
chk_04834f284d5dba01,doc_4273494a72bdb1cd,251,hu,code
chk_3a5d727aced765fb,doc_4273494a72bdb1cd,715,hu,mixed
chk_3845fa0572ef3267,doc_4273494a72bdb1cd,364,hu,mixed
chk_1564e7340de91bd7,doc_4273494a72bdb1cd,104,hu,mixed
chk_a38e6900b63bbd09,doc_4273494a72bdb1cd,719,hu,mixed
chk_13b5f2a2fc257f6f,doc_4273494a72bdb1cd,232,hu,mixed
chk_f4ce4d097696d9c4,doc_4273494a72bdb1cd,562,hu,mixed
chk_6963bb31544df2c7,doc_4273494a72bdb1cd,467,hu,mixed
chk_fa8c25cc4dab03df,doc_4273494a72bdb1cd,762,hu,mixed
chk_45617e10b2e9e72c,doc_4273494a72bdb1cd,319,hu,code
chk_f3137be93b995f38,doc_4273494a72bdb1cd,103,hu,mixed
chk_af755be15de7409e,doc_4273494a72bdb1cd,265,hu,mixed
chk_e01f9a75daebb65a,doc_4273494a72bdb1cd,463,hu,code
chk_870669f92f1476d6,doc_4273494a72bdb1cd,308,hu,mixed
chk_8b0575416c423102,doc_4273494a72bdb1cd,79,hu,mixed
chk_9622ff8794e6b1e2,doc_4273494a72bdb1cd,94,hu,mixed
chk_9d06396761064577,doc_4273494a72bdb1cd,521,hu,code
chk_285a1521fcf18b2c,doc_4273494a72bdb1cd,151,en,mixed
chk_20265606d375eb97,doc_4273494a72bdb1cd,877,hu,mixed
chk_6783e9ce78223a7c,doc_4273494a72bdb1cd,204,hu,mixed
chk_cb15f3c7889bf061,doc_4273494a72bdb1cd,687,hu,mixed
chk_0a1c9ee5374442c4,doc_4273494a72bdb1cd,253,hu,mixed
chk_bf337efb1afe96ce,doc_4273494a72bdb1cd,304,hu,mixed
chk_50b3eca2e5f3ad1f,doc_4273494a72bdb1cd,454,hu,mixed
chk_c4585cd2a0c3c259,doc_4273494a72bdb1cd,602,hu,mixed
chk_436796c077ab70e3,doc_4273494a72bdb1cd,628,hu,mixed
chk_b38e7bcafd8233dc,doc_4273494a72bdb1cd,645,hu,mixed
chk_4489d7dacebd490c,doc_4273494a72bdb1cd,325,hu,mixed
chk_c2eefa47a814a483,doc_4273494a72bdb1cd,664,hu,mixed
chk_be74f9a5d3c37551,doc_4273494a72bdb1cd,393,hu,code
chk_53366c01f88f6cd0,doc_4273494a72bdb1cd,829,hu,mixed
chk_2121ff3aa14f30a2,doc_4273494a72bdb1cd,882,hu,mixed
chk_002e6ced16eca16c,doc_4273494a72bdb1cd,312,hu,mixed
chk_9db5e0fcbc0c0e81,doc_4273494a72bdb1cd,747,hu,mixed
chk_4bbe0e78a0fd664d,doc_4273494a72bdb1cd,558,hu,mixed
chk_8429ca1e367f55d3,doc_4273494a72bdb1cd,777,hu,mixed
chk_b502744a828f6685,doc_4273494a72bdb1cd,387,hu,mixed
chk_6f5aa1dfc68aaa30,doc_4273494a72bdb1cd,299,en,mixed
chk_f4cb71b07d50d2a5,doc_4273494a72bdb1cd,70,hu,mixed
chk_0b2d1b63d517b52a,doc_4273494a72bdb1cd,171,hu,mixed
chk_f7ef4bce70a04e4f,doc_4273494a72bdb1cd,786,hu,mixed
chk_d3dc1d775e21475e,doc_4273494a72bdb1cd,331,hu,mixed
chk_4599140a7d2d6853,doc_4273494a72bdb1cd,744,hu,mixed
chk_45f8684fb787d2eb,doc_4273494a72bdb1cd,862,hu,mixed
chk_6d3b5e82583f417d,doc_4273494a72bdb1cd,272,hu,mixed
chk_8059710d39058e54,doc_4273494a72bdb1cd,744,hu,code
chk_cfbb32a4c1bcb9f6,doc_4273494a72bdb1cd,508,hu,mixed
chk_b2c05fdb4ed1ee93,doc_4273494a72bdb1cd,729,hu,mixed
chk_f462c81cbae8ecb3,doc_4273494a72bdb1cd,719,hu,mixed
chk_ed7cc7b6c3f398c9,doc_4273494a72bdb1cd,337,hu,mixed
chk_7eb212d06eed427f,doc_4273494a72bdb1cd,142,en,mixed
chk_bc5a7e37eb98ed92,doc_4273494a72bdb1cd,231,hu,mixed
chk_df11c350946edd1c,doc_4273494a72bdb1cd,855,hu,mixed
chk_65c106fa12b9da09,doc_4273494a72bdb1cd,224,hu,mixed
chk_fe8dd8819f4891e1,doc_4273494a72bdb1cd,465,hu,mixed
chk_3b993b7ab99df1ca,doc_4273494a72bdb1cd,617,hu,mixed
chk_03ca42adfc8dfdd7,doc_4273494a72bdb1cd,749,hu,mixed
chk_53e608a3955e4f37,doc_4273494a72bdb1cd,457,hu,mixed
chk_b006c25460be3b48,doc_4273494a72bdb1cd,410,hu,mixed
chk_b8b615d25790c6cd,doc_4273494a72bdb1cd,876,hu,mixed
chk_e8893858eacf2941,doc_4273494a72bdb1cd,230,hu,mixed
chk_88bceef14dc87c17,doc_4273494a72bdb1cd,445,hu,mixed
chk_b6adaf8e352ff525,doc_4273494a72bdb1cd,609,hu,mixed
chk_c2de73f07f2d032f,doc_4273494a72bdb1cd,260,hu,mixed
chk_b51e336446b59130,doc_4273494a72bdb1cd,891,hu,mixed
chk_362b10644ff16d98,doc_4273494a72bdb1cd,334,hu,mixed
chk_ee1a053c423e8a64,doc_4273494a72bdb1cd,546,hu,mixed
chk_753711aa2a420e0a,doc_4273494a72bdb1cd,731,hu,mixed
chk_1e38f8335fb8331b,doc_4273494a72bdb1cd,369,hu,mixed
chk_b4fe5db083c09d5d,doc_4273494a72bdb1cd,731,hu,mixed
chk_10855fb20bc00f12,doc_4273494a72bdb1cd,317,hu,mixed
chk_96effdbde3d9f73b,doc_4273494a72bdb1cd,453,hu,mixed
chk_1f3d3ab6968d1626,doc_4273494a72bdb1cd,410,hu,mixed
chk_ff11940c34493df8,doc_4273494a72bdb1cd,729,hu,mixed
chk_652e96a278fb337f,doc_4273494a72bdb1cd,887,hu,mixed
chk_ff69135ce7a4e6e1,doc_4273494a72bdb1cd,204,hu,mixed
chk_accad2b77e67a8f1,doc_4273494a72bdb1cd,855,hu,mixed
chk_0354d894a765ca9f,doc_4273494a72bdb1cd,493,hu,mixed
chk_8426c2ffdc393a99,doc_4273494a72bdb1cd,744,hu,mixed
chk_f71694771af4fa38,doc_4273494a72bdb1cd,732,hu,mixed
chk_d07562f4c2f50574,doc_4273494a72bdb1cd,496,hu,mixed
chk_80c32d728031e076,doc_4273494a72bdb1cd,772,hu,mixed
chk_78394c053a1dd34b,doc_4273494a72bdb1cd,326,hu,mixed
chk_98debc1b79999e97,doc_4273494a72bdb1cd,605,hu,mixed
chk_2a1179b049a294b6,doc_4273494a72bdb1cd,520,hu,mixed
chk_821f8589143a79fa,doc_4273494a72bdb1cd,462,hu,mixed
chk_50169c020d3226c1,doc_4273494a72bdb1cd,711,hu,mixed
chk_9640d2a8f640df35,doc_4273494a72bdb1cd,422,hu,mixed
chk_b994ea087ce7e3d5,doc_4273494a72bdb1cd,245,hu,mixed
chk_55cdfd740ec93aae,doc_4273494a72bdb1cd,516,hu,mixed
chk_31d312e60973b10a,doc_4273494a72bdb1cd,833,hu,mixed
chk_ec265cbb9eaef789,doc_4273494a72bdb1cd,188,hu,mixed
chk_26999ccb99e6244c,doc_4273494a72bdb1cd,601,hu,mixed
chk_1063ab40e3b1fd0a,doc_4273494a72bdb1cd,831,hu,mixed
chk_ecf10b1ad801bfc4,doc_4273494a72bdb1cd,303,hu,mixed
chk_19181fb127b2d922,doc_4273494a72bdb1cd,823,hu,mixed
chk_01898c4f9fffa240,doc_4273494a72bdb1cd,272,hu,mixed
chk_b2c463a4a3c4d545,doc_4273494a72bdb1cd,109,hu,code
chk_2d364f6e7b764be3,doc_4273494a72bdb1cd,154,hu,code
chk_20b9e5ebb2a8e252,doc_4273494a72bdb1cd,307,hu,mixed
chk_ceb287c4d3b0a6cc,doc_4273494a72bdb1cd,78,hu,mixed
chk_12972d8566211005,doc_4273494a72bdb1cd,1337,hu,mixed
chk_5927187579ded8c8,doc_4273494a72bdb1cd,890,hu,mixed
chk_b56563eea5358773,doc_4273494a72bdb1cd,306,hu,mixed
chk_df6caf4b0a911804,doc_4273494a72bdb1cd,353,hu,mixed
chk_482923bee1cffdc3,doc_4273494a72bdb1cd,615,hu,mixed
chk_ea7451f966288f58,doc_4273494a72bdb1cd,241,hu,mixed
chk_94aaab3ce2436c57,doc_4273494a72bdb1cd,503,hu,mixed
chk_a637a31bf56dab79,doc_4273494a72bdb1cd,824,hu,mixed
chk_39cc8df088139936,doc_4273494a72bdb1cd,591,hu,mixed
chk_10061dc7e9bb8465,doc_4273494a72bdb1cd,378,hu,mixed
chk_47bab621fbdd5af2,doc_4273494a72bdb1cd,749,hu,mixed
chk_635cb1ea91ddf254,doc_4273494a72bdb1cd,343,hu,mixed
chk_61daee25c82f86b7,doc_4273494a72bdb1cd,111,en,mixed
chk_7c0df7498af7e367,doc_4273494a72bdb1cd,739,hu,mixed
chk_e86e246a0147cd36,doc_4273494a72bdb1cd,698,hu,mixed
chk_9f2df35568addf73,doc_4273494a72bdb1cd,338,hu,mixed
chk_da2280bd0a38f2c7,doc_4273494a72bdb1cd,435,hu,mixed
chk_117ecdbb2422336a,doc_4273494a72bdb1cd,771,hu,mixed
chk_bdeef094fe4f5c7b,doc_4273494a72bdb1cd,205,hu,mixed
chk_4209fb293bd0d71f,doc_4273494a72bdb1cd,686,hu,mixed
chk_deaca34331530b18,doc_4273494a72bdb1cd,482,hu,mixed
chk_0d7b5fad7c41e502,doc_4273494a72bdb1cd,626,hu,mixed
chk_5adadf225ba6e173,doc_4273494a72bdb1cd,681,hu,mixed
chk_d5f65bf7d076ef27,doc_4273494a72bdb1cd,427,hu,mixed
chk_1e85efff52747124,doc_4273494a72bdb1cd,243,hu,mixed
chk_ee4dabd457f66c30,doc_4273494a72bdb1cd,814,hu,mixed
chk_51740251f6fe40e3,doc_4273494a72bdb1cd,542,hu,mixed
chk_079ed5bf008e5ee2,doc_4273494a72bdb1cd,286,hu,mixed
chk_6546887814c38b75,doc_4273494a72bdb1cd,66,hu,mixed
chk_fd74786dd859a6e4,doc_4273494a72bdb1cd,532,hu,mixed
chk_7e40a61a44bd7c76,doc_4273494a72bdb1cd,748,hu,mixed
chk_2b6e89593d153caa,doc_4273494a72bdb1cd,219,hu,mixed
chk_11eb2e4e24d3981b,doc_4273494a72bdb1cd,472,hu,mixed
chk_0b7c127bc0501844,doc_4273494a72bdb1cd,486,hu,mixed
chk_8e73256b98a01616,doc_4273494a72bdb1cd,1073,hu,mixed
chk_1cd680908d868030,doc_4273494a72bdb1cd,226,hu,mixed
chk_943976295f5d0520,doc_4273494a72bdb1cd,832,hu,mixed
chk_614f0daa6aa78187,doc_4273494a72bdb1cd,361,hu,mixed
chk_08d8d89fab30a5b1,doc_4273494a72bdb1cd,488,hu,mixed
chk_60f0b14ff014865c,doc_4273494a72bdb1cd,1009,hu,mixed
chk_d7a82e35fb64f21c,doc_4273494a72bdb1cd,746,hu,mixed
chk_bf373c8f68be6767,doc_4273494a72bdb1cd,540,hu,mixed
chk_39e61ca059a18426,doc_4273494a72bdb1cd,570,hu,mixed
chk_a136cf7dc70ecd4c,doc_4273494a72bdb1cd,680,hu,mixed
chk_09f2fa0445e83101,doc_4273494a72bdb1cd,525,hu,mixed
chk_100e1831401a8705,doc_4273494a72bdb1cd,837,hu,mixed
chk_71d1629e518572d2,doc_4273494a72bdb1cd,441,hu,mixed
chk_aca7baa4c87296c8,doc_4273494a72bdb1cd,803,hu,mixed
chk_9b7808409e2e0e07,doc_4273494a72bdb1cd,277,hu,mixed
chk_66ed3d111957c587,doc_4273494a72bdb1cd,852,hu,mixed
chk_82dc81764e83045b,doc_4273494a72bdb1cd,587,hu,mixed
chk_63ebe4d6d456e544,doc_4273494a72bdb1cd,517,hu,mixed
chk_bc71858f41fd67e1,doc_4273494a72bdb1cd,876,hu,mixed
chk_e0014e8d03f4c670,doc_4273494a72bdb1cd,267,hu,mixed
chk_236f39f06422446c,doc_4273494a72bdb1cd,486,hu,mixed
chk_3f93a5c6b7a15521,doc_4273494a72bdb1cd,212,hu,mixed
chk_60ad0ed7d3b7bec2,doc_4273494a72bdb1cd,788,hu,mixed
chk_2818b5ac26a364c7,doc_4273494a72bdb1cd,559,hu,mixed
chk_34b7761504604c82,doc_4273494a72bdb1cd,646,hu,mixed
chk_ffd03497dc25787d,doc_4273494a72bdb1cd,305,hu,mixed
chk_2245ccf0ee2179c0,doc_4273494a72bdb1cd,752,hu,mixed
chk_74dc445072e72ab9,doc_4273494a72bdb1cd,685,hu,mixed
chk_32427013cbcfea3a,doc_4273494a72bdb1cd,285,hu,mixed
chk_63cec4ea985e5695,doc_4273494a72bdb1cd,361,hu,code
chk_497f6ec2fea4002b,doc_4273494a72bdb1cd,382,hu,mixed
chk_51813b355ee14cd4,doc_4273494a72bdb1cd,385,hu,mixed
chk_da391ef720b0d53f,doc_4273494a72bdb1cd,695,hu,mixed
chk_4e8878bb7d938307,doc_4273494a72bdb1cd,398,hu,mixed
chk_9f5dc66c34e500c4,doc_4273494a72bdb1cd,521,hu,mixed
chk_5e490556c7247223,doc_4273494a72bdb1cd,39,hu,code
chk_513f596ffb60c433,doc_4273494a72bdb1cd,554,hu,mixed
chk_c44d0bfcb15cc4a3,doc_4273494a72bdb1cd,231,hu,mixed
chk_a97cd331efecf738,doc_4273494a72bdb1cd,727,hu,mixed
chk_3b8594302744a84f,doc_4273494a72bdb1cd,268,hu,mixed
chk_dabe8c6dc5762345,doc_4273494a72bdb1cd,637,hu,mixed
chk_a484beecaa1913a1,doc_4273494a72bdb1cd,395,hu,mixed
chk_11004e1ced4c2437,doc_4273494a72bdb1cd,486,hu,mixed
chk_392ee5dd765b4921,doc_4273494a72bdb1cd,646,hu,mixed
chk_71ff3aa8b7ae7b66,doc_4273494a72bdb1cd,473,hu,mixed
chk_2f98b9b0c2807a46,doc_4273494a72bdb1cd,594,hu,mixed
chk_3958e2cf16d6552a,doc_4273494a72bdb1cd,360,hu,mixed
chk_12a77a36b44c8dda,doc_4273494a72bdb1cd,636,hu,mixed
chk_48b2d2d7035459d4,doc_4273494a72bdb1cd,526,hu,mixed
chk_289f4a2c960897d1,doc_4273494a72bdb1cd,784,hu,mixed
chk_569df59f877590d3,doc_4273494a72bdb1cd,407,hu,mixed
chk_43b41f2d9917ef42,doc_4273494a72bdb1cd,614,hu,mixed
chk_6a174ef4a2a6bb20,doc_4273494a72bdb1cd,581,hu,mixed
chk_896b8f7e4dbc6476,doc_4273494a72bdb1cd,856,hu,mixed
chk_d276ba9435e8af0d,doc_4273494a72bdb1cd,392,hu,mixed
chk_f79ce74e0f7b5091,doc_4273494a72bdb1cd,794,hu,mixed
chk_0215b4127875010f,doc_4273494a72bdb1cd,871,hu,mixed
chk_8d11f5d49fa06bb6,doc_4273494a72bdb1cd,853,hu,mixed
chk_10e689a079a5f5d9,doc_4273494a72bdb1cd,453,hu,mixed
chk_2b28dcde0338f209,doc_4273494a72bdb1cd,644,hu,code
chk_fc427d7ad58caecb,doc_4273494a72bdb1cd,695,hu,mixed
chk_6ba1177fadb415c5,doc_4273494a72bdb1cd,254,hu,mixed
chk_1db4dcfd71a1065c,doc_4273494a72bdb1cd,619,hu,mixed
chk_747659935b95ca00,doc_4273494a72bdb1cd,57,hu,mixed
chk_34e06043dd7b6c82,doc_4273494a72bdb1cd,489,hu,mixed
chk_372a3241406e2855,doc_4273494a72bdb1cd,858,hu,mixed
chk_39dc7f0c9179de9d,doc_4273494a72bdb1cd,375,hu,mixed
chk_1cf1f149f699bd2c,doc_4273494a72bdb1cd,216,hu,mixed
chk_5e6cf584548baa32,doc_4273494a72bdb1cd,702,hu,mixed
chk_1a48395c66449e51,doc_4273494a72bdb1cd,857,hu,mixed
chk_48a3dc8957e816af,doc_4273494a72bdb1cd,154,hu,mixed
chk_df3e3528a88158cb,doc_4273494a72bdb1cd,50,hu,mixed
chk_afd0024b1b406a7f,doc_4273494a72bdb1cd,263,hu,mixed
chk_63b1387bae03f887,doc_4273494a72bdb1cd,35,hu,mixed
chk_f79b024e40bebcbf,doc_4273494a72bdb1cd,432,hu,mixed
chk_a98e616f9172b86f,doc_4273494a72bdb1cd,629,hu,mixed
chk_d30bb52192a30445,doc_4273494a72bdb1cd,581,hu,mixed
chk_db97a93bbe3832c4,doc_4273494a72bdb1cd,451,hu,mixed
chk_5f0e1a7cd6c4d8de,doc_4273494a72bdb1cd,459,hu,mixed
chk_1869c239301c73eb,doc_4273494a72bdb1cd,164,hu,mixed
chk_e9c1c2f39b9f268d,doc_4273494a72bdb1cd,174,hu,mixed
chk_1192268298ac21ad,doc_4273494a72bdb1cd,244,hu,mixed
chk_129792a2b32e882a,doc_4273494a72bdb1cd,733,hu,mixed
chk_884d7b83a8d3ac58,doc_4273494a72bdb1cd,282,hu,mixed
chk_f26ce1552cdb5aeb,doc_4273494a72bdb1cd,164,hu,mixed
chk_680dbb00d94d72df,doc_4273494a72bdb1cd,765,hu,mixed
chk_adecc4db4cabfbb5,doc_4273494a72bdb1cd,146,hu,mixed
chk_5e6895e376e4b29f,doc_4273494a72bdb1cd,356,hu,mixed
chk_b72b5298b80db9c0,doc_4273494a72bdb1cd,654,hu,mixed
chk_6599ab0f0ea8a730,doc_4273494a72bdb1cd,252,hu,mixed
chk_468599870881a798,doc_4273494a72bdb1cd,463,hu,mixed
chk_9f708085e736e6de,doc_4273494a72bdb1cd,437,hu,mixed
chk_8efd9bb2db3e6f02,doc_4273494a72bdb1cd,63,hu,mixed
chk_acedbd416270c537,doc_4273494a72bdb1cd,318,hu,mixed
chk_98fc8caa12550c67,doc_4273494a72bdb1cd,418,hu,mixed
chk_065c949c13d63bc9,doc_4273494a72bdb1cd,732,hu,mixed
chk_bafc082ba3dbe0d6,doc_4273494a72bdb1cd,503,hu,mixed
chk_493637bd36ab356f,doc_4273494a72bdb1cd,788,hu,mixed
chk_4176f0d695ed0ddf,doc_4273494a72bdb1cd,856,hu,mixed
chk_97761d3530934f0e,doc_4273494a72bdb1cd,220,hu,mixed
chk_3aa5bf77e09915be,doc_4273494a72bdb1cd,767,hu,mixed
chk_478528509670115d,doc_4273494a72bdb1cd,695,hu,mixed
chk_35367bbad7ed70c4,doc_4273494a72bdb1cd,275,hu,mixed
chk_e739eb3bcd03bc2f,doc_4273494a72bdb1cd,469,hu,mixed
chk_7f3ddecb09fe0802,doc_4273494a72bdb1cd,575,hu,mixed
chk_537b677f7dd444cb,doc_4273494a72bdb1cd,451,hu,mixed
chk_f64d059543f098fe,doc_4273494a72bdb1cd,298,hu,mixed
chk_5fba826024508be3,doc_4273494a72bdb1cd,75,en,code
chk_27df4abb5e7437d6,doc_4273494a72bdb1cd,310,hu,mixed
chk_263b37b3ecbdf7ac,doc_4273494a72bdb1cd,835,hu,mixed
chk_2f7ce4356adde9b9,doc_4273494a72bdb1cd,716,hu,mixed
chk_0f78b9528c98ce01,doc_4273494a72bdb1cd,459,hu,mixed
chk_6898e7ca614e051e,doc_4273494a72bdb1cd,610,hu,mixed
chk_6d1cba95233bcd28,doc_4273494a72bdb1cd,865,hu,mixed
chk_cfd92a9c53186b2a,doc_4273494a72bdb1cd,252,hu,mixed
chk_7e111de189bd2d6e,doc_4273494a72bdb1cd,513,hu,mixed
chk_42c10c2e32f2c387,doc_4273494a72bdb1cd,442,hu,mixed
chk_8c2f2d9331026220,doc_4273494a72bdb1cd,510,hu,mixed
chk_b4359346de8e587d,doc_4273494a72bdb1cd,211,en,mixed
chk_62bd8bb03191b1c2,doc_4273494a72bdb1cd,85,en,code
chk_e0aef9622c67cd8e,doc_4273494a72bdb1cd,280,hu,mixed
chk_ebb6bf9f518287c1,doc_4273494a72bdb1cd,530,hu,mixed
chk_52f740c2a3fc22d1,doc_4273494a72bdb1cd,442,hu,mixed
chk_1dc85f076565dd01,doc_4273494a72bdb1cd,226,hu,mixed
chk_039c0a3d11cd4944,doc_4273494a72bdb1cd,628,hu,mixed
chk_03a40180d9df0ea4,doc_4273494a72bdb1cd,335,hu,mixed
chk_af6f6676838bc6f3,doc_4273494a72bdb1cd,569,hu,mixed
chk_725198c6dfaae2e1,doc_4273494a72bdb1cd,537,hu,mixed
chk_e89dabe77a1cf4c9,doc_4273494a72bdb1cd,368,hu,mixed
chk_1c86c411e4e0ccdc,doc_4273494a72bdb1cd,735,hu,mixed
chk_d84d348b0334fed3,doc_4273494a72bdb1cd,196,hu,mixed
chk_b56a1ec0152701ad,doc_4273494a72bdb1cd,538,hu,mixed
chk_a66eb80cf77b8292,doc_4273494a72bdb1cd,569,hu,mixed
chk_36d5c287ac21f75a,doc_4273494a72bdb1cd,683,hu,mixed
chk_00084553bf77af77,doc_4273494a72bdb1cd,396,hu,mixed
chk_a387f0e35b8e8a7d,doc_4273494a72bdb1cd,128,hu,mixed
chk_d651822329df605e,doc_4273494a72bdb1cd,629,hu,mixed
chk_321cec246653a99d,doc_4273494a72bdb1cd,582,hu,mixed
chk_eb1132df6351af82,doc_4273494a72bdb1cd,137,hu,code
chk_77380a6af4acefa3,doc_4273494a72bdb1cd,116,hu,mixed
chk_8c32c400e93540d9,doc_4273494a72bdb1cd,511,hu,mixed
chk_d315d64c1b5891be,doc_4273494a72bdb1cd,60,hu,mixed
chk_6ee380e3a0274f41,doc_4273494a72bdb1cd,205,hu,code
chk_5e5911b103d3dfc2,doc_4273494a72bdb1cd,552,hu,mixed
chk_cc7210d29ee3d992,doc_4273494a72bdb1cd,87,hu,mixed
chk_a1b663f409a405cb,doc_4273494a72bdb1cd,344,hu,code
chk_d3620318c905590e,doc_4273494a72bdb1cd,185,hu,mixed
chk_4da8e468d81f512e,doc_4273494a72bdb1cd,567,hu,mixed
chk_61db40d8c5918d01,doc_4273494a72bdb1cd,393,hu,mixed
chk_342b2f164f802910,doc_4273494a72bdb1cd,649,hu,mixed
chk_423c0f3e67501506,doc_4273494a72bdb1cd,500,hu,mixed
chk_f02a998ef4db15b1,doc_4273494a72bdb1cd,784,hu,mixed
chk_467aab247598ab8d,doc_4273494a72bdb1cd,352,hu,mixed
chk_43ac4567e2d15d2b,doc_4273494a72bdb1cd,704,hu,code
chk_3150ef6964658275,doc_4273494a72bdb1cd,640,hu,mixed
chk_33260b8c87724fd9,doc_4273494a72bdb1cd,667,hu,code
chk_b86dd36ef46d675e,doc_4273494a72bdb1cd,406,hu,code
chk_577803d5ee7b4951,doc_4273494a72bdb1cd,148,hu,code
chk_b421589ad0e42647,doc_4273494a72bdb1cd,760,hu,code
chk_f20f4ef554cc8257,doc_4273494a72bdb1cd,24,hu,mixed
chk_17369f56e1748f01,doc_4273494a72bdb1cd,466,hu,mixed
chk_bec92d4580fe3d8f,doc_4273494a72bdb1cd,667,hu,mixed
chk_9fc33f138bf2dc38,doc_4273494a72bdb1cd,518,hu,mixed
chk_5c45a3abfa7a6b74,doc_4273494a72bdb1cd,850,hu,mixed
chk_76f3c7377a1ad572,doc_4273494a72bdb1cd,298,hu,mixed
chk_f00416b2f58277ff,doc_4273494a72bdb1cd,712,hu,mixed
chk_b0726452bf8b42c0,doc_4273494a72bdb1cd,337,hu,mixed
chk_a8a8ff684dd6d870,doc_4273494a72bdb1cd,728,hu,mixed
chk_d8ee255bea3b5cb8,doc_4273494a72bdb1cd,584,hu,mixed
chk_4afb6051278914bd,doc_4273494a72bdb1cd,407,hu,mixed
chk_0859f63fe9b5f565,doc_4273494a72bdb1cd,552,hu,mixed
chk_7994da2186509a68,doc_4273494a72bdb1cd,412,hu,mixed
chk_27131f574b5a60fc,doc_4273494a72bdb1cd,143,hu,mixed
chk_cf04890ba8dca638,doc_4273494a72bdb1cd,616,hu,mixed
chk_77e67e350207d631,doc_4273494a72bdb1cd,412,hu,mixed
chk_b4494f3471ade0b0,doc_4273494a72bdb1cd,802,hu,mixed
chk_7b976f4ebf15ae3f,doc_4273494a72bdb1cd,391,hu,mixed
chk_b0aba3e63ffd5393,doc_4273494a72bdb1cd,738,hu,mixed
chk_e83f6e10f2a276ed,doc_4273494a72bdb1cd,619,hu,mixed
chk_95dfeda7ec34e28d,doc_4273494a72bdb1cd,358,hu,mixed
chk_7c677cd04508e467,doc_4273494a72bdb1cd,845,hu,mixed
chk_01d52d5006e3a008,doc_4273494a72bdb1cd,86,hu,mixed
chk_221c4ae33f5a024b,doc_4273494a72bdb1cd,324,hu,code
chk_961a328fda98e01e,doc_4273494a72bdb1cd,266,hu,mixed
chk_adc8229a9f3a47a3,doc_4273494a72bdb1cd,436,hu,mixed
chk_a631de8ec7754f83,doc_4273494a72bdb1cd,494,hu,mixed
chk_ce9bada401981699,doc_4273494a72bdb1cd,518,hu,mixed
chk_8ab7546a4f366a3f,doc_4273494a72bdb1cd,338,hu,mixed
chk_45d19035024723ad,doc_4273494a72bdb1cd,835,hu,mixed
chk_823c29257ed8d6a5,doc_4273494a72bdb1cd,299,hu,mixed
chk_a3a98b09045b80c7,doc_4273494a72bdb1cd,470,hu,mixed
chk_b5a1d5067f2dc2c8,doc_4273494a72bdb1cd,749,hu,mixed
chk_ca287680ebf3d927,doc_4273494a72bdb1cd,827,hu,mixed
chk_3799623dde653727,doc_4273494a72bdb1cd,439,hu,mixed
chk_66556ea903362818,doc_4273494a72bdb1cd,674,hu,mixed
chk_20aebd0f4f8df3d8,doc_4273494a72bdb1cd,502,hu,mixed
chk_3cfeabda0ba09101,doc_4273494a72bdb1cd,145,en,mixed
chk_9ea7fa0d08fafd96,doc_4273494a72bdb1cd,370,hu,mixed
chk_1ea3086ffa31cc88,doc_4273494a72bdb1cd,728,hu,mixed
chk_c718fcf7ced9365c,doc_4273494a72bdb1cd,404,hu,mixed
chk_beece1335443b0df,doc_4273494a72bdb1cd,330,hu,mixed
chk_732ebddbf5dc095c,doc_4273494a72bdb1cd,359,hu,code
chk_93594e584f435a1e,doc_4273494a72bdb1cd,544,hu,mixed
chk_287f6b105b78ff89,doc_4273494a72bdb1cd,609,hu,mixed
chk_c377747261ce4f90,doc_4273494a72bdb1cd,733,hu,mixed
chk_19672ee3a953d86e,doc_4273494a72bdb1cd,873,hu,mixed
chk_d1ba6e95cd2a6caf,doc_4273494a72bdb1cd,285,hu,mixed
chk_3aa8aa4adbcef325,doc_4273494a72bdb1cd,584,hu,mixed
chk_8479bf3385b687f5,doc_4273494a72bdb1cd,655,hu,mixed
chk_b04b2d3ace006d55,doc_4273494a72bdb1cd,386,hu,mixed
chk_1d863eb4124cf681,doc_4273494a72bdb1cd,792,hu,mixed
chk_f959ab49043b8cee,doc_4273494a72bdb1cd,419,hu,mixed
chk_d825ba0cfa3741e5,doc_4273494a72bdb1cd,756,hu,mixed
chk_73a8b5e5758ca484,doc_4273494a72bdb1cd,661,hu,mixed
chk_404a9beccf5c1414,doc_4273494a72bdb1cd,495,hu,mixed
chk_6187e6ad9d14203f,doc_4273494a72bdb1cd,430,hu,mixed
chk_a41ecd3a2628895b,doc_4273494a72bdb1cd,660,hu,mixed
chk_97d13367438e2023,doc_4273494a72bdb1cd,491,hu,mixed
chk_88e2554b46093ce7,doc_4273494a72bdb1cd,754,hu,mixed
chk_7f9b04ec21710d79,doc_4273494a72bdb1cd,574,hu,mixed
chk_e071bd1795e033ec,doc_4273494a72bdb1cd,790,hu,mixed
chk_dff7232b72c2b1d0,doc_4273494a72bdb1cd,266,hu,mixed
chk_e9eecdb44c8a4c03,doc_4273494a72bdb1cd,305,hu,code
chk_0f89a512e8a8b1c1,doc_4273494a72bdb1cd,302,hu,mixed
chk_2d16277ab64e7f34,doc_4273494a72bdb1cd,555,hu,mixed
chk_0e0870a1ac989ec0,doc_4273494a72bdb1cd,733,hu,mixed
chk_f0e67a3c7db001c5,doc_4273494a72bdb1cd,869,hu,mixed
chk_9ded0d30c43f17fe,doc_4273494a72bdb1cd,94,hu,mixed
chk_292efb4a7cd642ec,doc_4273494a72bdb1cd,878,hu,mixed
chk_f6474ac0b436caaf,doc_4273494a72bdb1cd,284,hu,mixed
chk_68b6541f358105df,doc_4273494a72bdb1cd,899,hu,mixed
chk_c4e5ac52440b813f,doc_4273494a72bdb1cd,371,hu,mixed
chk_fb10d12fe90dc189,doc_4273494a72bdb1cd,656,hu,mixed
chk_7e4d821993abd7f1,doc_4273494a72bdb1cd,431,hu,mixed
chk_da8e23ca71ad76c2,doc_4273494a72bdb1cd,359,hu,code
chk_2ff95b47ce23fa8a,doc_4273494a72bdb1cd,534,hu,mixed
chk_9e9de41d0e7bd672,doc_4273494a72bdb1cd,376,hu,mixed
chk_154acc1ef117fa48,doc_4273494a72bdb1cd,862,hu,mixed
chk_1f598a47a1312dd7,doc_4273494a72bdb1cd,215,hu,mixed
chk_81bec5674479f165,doc_4273494a72bdb1cd,848,hu,mixed
chk_474275e0248190fc,doc_4273494a72bdb1cd,318,hu,mixed
chk_37c8b6addfec89c5,doc_4273494a72bdb1cd,233,hu,mixed
chk_0e7df958cda11b04,doc_4273494a72bdb1cd,840,hu,mixed
chk_27131efb8d437530,doc_4273494a72bdb1cd,784,hu,mixed
chk_8d2986b6d35e114b,doc_4273494a72bdb1cd,639,hu,mixed
chk_e2518e0fa469aa15,doc_4273494a72bdb1cd,428,hu,mixed
chk_75f976d3c54b66b6,doc_4273494a72bdb1cd,431,hu,mixed
chk_d6652f79b30b8bb5,doc_4273494a72bdb1cd,190,hu,mixed
