timestamp,step,soc_before,soc,price,demand_kw,renewable_kw,requested_battery_power_kw,executed_battery_power_kw,charge_kw,discharge_kw,grid_power_kw,grid_import_kw,grid_export_kw,electricity_cost,peak_penalty,degradation_penalty,constraint_penalty,throughput_kwh,renewable_used_locally_kwh,renewable_generation_kwh,constraint_violation,reward
2024-07-01 00:00:00,0,0.5,0.5,0.1128992776679757,44.16472579218162,4.963246939436673,0.0,0.0,0.0,-0.0,39.20147885274495,39.20147885274495,0.0,4.425818645991329,0.0,0.0,0.0,0.0,4.963246939436673,4.963246939436673,0,-4.425818645991329
2024-07-01 01:00:00,1,0.5,0.5,0.1037269505548794,39.88205433346808,0.1594523738975836,0.0,0.0,0.0,-0.0,39.7226019595705,39.7226019595705,0.0,4.1203043693715244,0.0,0.0,0.0,0.0,0.1594523738975836,0.1594523738975836,0,-4.1203043693715244
2024-07-01 02:00:00,2,0.5,0.5,0.109840711909859,45.70958407166192,3.8192178170515705,0.0,0.0,0.0,-0.0,41.89036625461035,41.89036625461035,0.0,4.601267651571135,0.0,0.0,0.0,0.0,3.8192178170515705,3.8192178170515705,0,-4.601267651571135
2024-07-01 03:00:00,3,0.5,0.5,0.1127607522055796,46.67905635641213,0.0,0.0,0.0,0.0,-0.0,46.67905635641213,46.67905635641213,0.0,5.263565506995674,0.0,0.0,0.0,0.0,0.0,0.0,0,-5.263565506995674
2024-07-01 04:00:00,4,0.5,0.5,0.1091318583256817,38.43133062798221,4.923359731363416,0.0,0.0,0.0,-0.0,33.5079708966188,33.5079708966188,0.0,3.6567871326708685,0.0,0.0,0.0,0.0,4.923359731363416,4.923359731363416,0,-3.6567871326708685
2024-07-01 05:00:00,5,0.5,0.5,0.111544878757809,42.59023320431213,0.9576954608711384,0.0,0.0,0.0,-0.0,41.63253774344099,41.63253774344099,0.0,4.643896374972033,0.0,0.0,0.0,0.0,0.9576954608711384,0.9576954608711384,0,-4.643896374972033
2024-07-01 06:00:00,6,0.5,0.5,0.0980136495681069,50.26736804036089,1.5217566917513052,0.0,0.0,0.0,-0.0,48.745611348609586,48.745611348609586,0.0,4.777735268705755,0.0,0.0,0.0,0.0,1.5217566917513052,1.5217566917513052,0,-4.777735268705755
2024-07-01 07:00:00,7,0.5,0.7375,0.0926292716034152,51.88389554013552,20.463387701360787,30.0,30.0,30.0,0.0,61.42050783877473,61.42050783877473,0.0,5.6893369026175575,0.0,0.114,0.0,28.5,20.463387701360787,20.463387701360787,0,-5.803336902617557
2024-07-01 08:00:00,8,0.7375,0.7375,0.101111410790175,54.14286374665868,36.87305785139058,0.0,0.0,0.0,-0.0,17.269805895268107,17.269805895268107,0.0,1.7461744381430393,0.0,0.0,0.0,0.0,36.87305785139058,36.87305785139058,0,-1.7461744381430393
2024-07-01 09:00:00,9,0.7375,0.9,0.0978598779083254,50.20444911062192,54.64246217530104,30.0,20.526315789473685,20.526315789473685,0.0,16.088302724794566,16.088302724794566,0.0,1.5743993404005752,0.0,0.078,0.7578947368421052,19.5,54.64246217530104,54.64246217530104,1,-2.41029407724268
2024-07-01 10:00:00,10,0.9,0.9,0.0867167007482976,52.80885344646829,65.3812230237774,30.0,0.0,0.0,-0.0,-12.572369577309104,0.0,12.572369577309104,-0.5657566309789096,0.0,0.0,2.4,0.0,52.80885344646829,65.3812230237774,1,-1.8342433690210904
2024-07-01 11:00:00,11,0.9,0.9,0.0903358799196344,49.65116959953901,78.00944834264887,30.0,0.0,0.0,-0.0,-28.358278743109857,0.0,28.358278743109857,-1.2761225434399435,0.0,0.0,2.4,0.0,49.65116959953901,78.00944834264887,1,-1.1238774565600564
2024-07-01 12:00:00,12,0.9,0.9,0.0948048099847796,45.94041380041398,76.57374049201637,30.0,0.0,0.0,-0.0,-30.63332669160239,0.0,30.63332669160239,-1.3784997011221076,0.0,0.0,2.4,0.0,45.94041380041398,76.57374049201637,1,-1.0215002988778923
2024-07-01 13:00:00,13,0.9,0.9,0.0998636187732552,49.69247277235829,69.41326182611347,0.0,0.0,0.0,-0.0,-19.720789053755176,0.0,19.720789053755176,-0.8874355074189829,0.0,0.0,0.0,0.0,49.69247277235829,69.41326182611347,0,0.8874355074189829
2024-07-01 14:00:00,14,0.9,0.9,0.1124027621357612,49.67695701280809,61.052305784277685,0.0,0.0,0.0,-0.0,-11.375348771469596,0.0,11.375348771469596,-0.5118906947161318,0.0,0.0,0.0,0.0,49.67695701280809,61.052305784277685,0,0.5118906947161318
2024-07-01 15:00:00,15,0.9,0.9,0.0988723841617909,49.11101449307491,48.60483847891196,0.0,0.0,0.0,-0.0,0.5061760141629534,0.5061760141629534,0.0,0.05004682932580364,0.0,0.0,0.0,0.0,48.60483847891196,48.60483847891196,0,-0.05004682932580364
2024-07-01 16:00:00,16,0.9,0.9,0.1275504363124967,57.88833805566417,40.80511793981714,0.0,0.0,0.0,-0.0,17.083220115847034,17.083220115847034,0.0,2.17897217939871,0.0,0.0,0.0,0.0,40.80511793981714,40.80511793981714,0,-2.17897217939871
2024-07-01 17:00:00,17,0.9,0.6368421052631579,0.1671882264747395,58.71405573447007,15.972420021551642,-30.0,-30.0,0.0,30.0,12.74163571291843,12.74163571291843,0.0,2.1302514772300354,0.0,0.12631578947368421,0.0,31.578947368421055,15.972420021551642,15.972420021551642,0,-2.2565672667037195
2024-07-01 18:00:00,18,0.6368421052631579,0.37368421052631573,0.2173555881346821,68.51419730028033,1.0503002154349934,-30.0,-30.0,0.0,30.0,37.46389708484534,37.46389708484534,0.0,8.142987384693761,0.0,0.12631578947368421,0.0,31.578947368421055,1.0503002154349934,1.0503002154349934,0,-8.269303174167446
2024-07-01 19:00:00,19,0.37368421052631573,0.11052631578947363,0.2222837851716768,67.02618110003391,0.4780108112199465,-30.0,-30.0,0.0,30.0,36.548170288813964,36.548170288813964,0.0,8.124065632896583,0.0,0.12631578947368421,0.0,31.578947368421055,0.4780108112199465,0.4780108112199465,0,-8.250381422370268
2024-07-01 20:00:00,20,0.11052631578947363,0.1,0.2102954912549608,65.1115559470971,0.0,-30.0,-1.1999999999999935,0.0,1.1999999999999935,63.911555947097106,63.911555947097106,0.0,13.440312054763698,0.0,0.005052631578947342,2.3040000000000007,1.2631578947368354,0.0,0.0,1,-15.749364686342645
2024-07-01 21:00:00,21,0.1,0.1,0.1868811308449069,59.60306480411969,1.534418211838293,-30.0,-0.0,-0.0,0.0,58.0686465922814,58.0686465922814,0.0,10.851934341798797,0.0,0.0,2.4,0.0,1.534418211838293,1.534418211838293,1,-13.251934341798798
2024-07-01 22:00:00,22,0.1,0.1,0.1744993615600892,60.616777741702016,0.5540623798168417,-30.0,-0.0,-0.0,0.0,60.062715361885175,60.062715361885175,0.0,10.480905484214324,0.0,0.0,2.4,0.0,0.5540623798168417,0.5540623798168417,1,-12.880905484214324
2024-07-01 23:00:00,23,0.1,0.1,0.1231820677475052,51.342193629387815,0.0,0.0,0.0,0.0,-0.0,51.342193629387815,51.342193629387815,0.0,6.32443757396078,0.0,0.0,0.0,0.0,0.0,0.0,0,-6.32443757396078
