timestamp,step,soc_before,soc,price,demand_kw,renewable_kw,requested_battery_power_kw,executed_battery_power_kw,charge_kw,discharge_kw,grid_power_kw,grid_import_kw,grid_export_kw,electricity_cost,peak_penalty,degradation_penalty,constraint_penalty,throughput_kwh,renewable_used_locally_kwh,renewable_generation_kwh,constraint_violation,reward,episode
2025-05-12 01:00:00,0,0.5,0.5,0.1059106496287817,44.50012567306557,0.9098565145262796,0.0,0.0,0.0,-0.0,43.590269158539286,43.590269158539286,0.0,4.616673724074343,0.0,0.0,0.0,0.0,0.9098565145262796,0.9098565145262796,0,-4.616673724074343,0
2025-05-12 02:00:00,1,0.5,0.23684210526315788,0.0906160171101649,43.96381593895602,0.3840618873213719,-30.0,-30.0,0.0,30.0,13.579754051634644,13.579754051634644,0.0,1.2305432254947561,0.0,0.12631578947368421,0.0,31.578947368421055,0.3840618873213719,0.3840618873213719,0,-1.3568590149684403,0
2025-05-12 03:00:00,2,0.23684210526315788,0.1,0.1031309010593861,45.77763012404826,1.047736866294566,-30.0,-15.599999999999998,0.0,15.599999999999998,29.129893257753697,29.129893257753697,0.0,3.004192139435875,0.0,0.06568421052631578,1.1520000000000001,16.421052631578945,1.047736866294566,1.047736866294566,1,-4.221876349962191,0
2025-05-12 04:00:00,3,0.1,0.3375,0.1045077937768105,46.34025662838408,1.7299648424907683,30.0,30.0,30.0,0.0,74.61029178589331,74.61029178589331,0.0,7.797356987587797,0.04250958070215064,0.114,0.0,28.5,1.7299648424907683,1.7299648424907683,0,-7.953866568289947,0
2025-05-12 05:00:00,4,0.3375,0.1,0.1085546549196963,45.33189715589871,0.0,-30.0,-27.075,0.0,27.075,18.25689715589871,18.25689715589871,0.0,1.9818711706629693,0.0,0.114,0.23400000000000007,28.5,0.0,0.0,1,-2.3298711706629693,0
2025-05-12 06:00:00,5,0.1,0.1,0.1143357309045077,51.01420181303544,0.0,0.0,0.0,0.0,-0.0,51.01420181303544,51.01420181303544,0.0,5.832746050803469,0.0,0.0,0.0,0.0,0.0,0.0,0,-5.832746050803469,0
2025-05-12 07:00:00,6,0.1,0.3375,0.0949433926122531,56.98849271333712,21.804743437053222,30.0,30.0,30.0,0.0,65.1837492762839,65.1837492762839,0.0,6.1887662994768915,0.0,0.114,0.0,28.5,21.804743437053222,21.804743437053222,0,-6.302766299476891,0
2025-05-12 08:00:00,7,0.3375,0.3375,0.1107866059646547,61.488354246819455,35.22113174329405,0.0,0.0,0.0,-0.0,26.267222503525403,26.267222503525403,0.0,2.9100564292839795,0.0,0.0,0.0,0.0,35.22113174329405,35.22113174329405,0,-2.9100564292839795,0
2025-05-12 09:00:00,8,0.3375,0.1,0.1043592818975314,57.94894927828455,53.02194100385325,-30.0,-27.075,0.0,27.075,-22.147991725568698,0.0,22.147991725568698,-0.9966596276505914,0.0,0.114,0.23400000000000007,28.5,53.02194100385325,53.02194100385325,1,0.6486596276505913,0
2025-05-12 10:00:00,9,0.1,0.1,0.0842896195864674,44.91697685899402,66.63308207834064,0.0,0.0,0.0,-0.0,-21.716105219346616,0.0,21.716105219346616,-0.9772247348705977,0.0,0.0,0.0,0.0,44.91697685899402,66.63308207834064,0,0.9772247348705977,0
2025-05-12 11:00:00,10,0.1,0.1,0.0737315118224858,52.45511462026136,69.71551732296052,0.0,0.0,0.0,-0.0,-17.26040270269916,0.0,17.26040270269916,-0.7767181216214621,0.0,0.0,0.0,0.0,52.45511462026136,69.71551732296052,0,0.7767181216214621,0
2025-05-12 12:00:00,11,0.1,0.1,0.0761283810712402,47.183737180223325,71.54330405107947,0.0,0.0,0.0,-0.0,-24.35956687085615,0.0,24.35956687085615,-1.0961805091885266,0.0,0.0,0.0,0.0,47.183737180223325,71.54330405107947,0,1.0961805091885266,0
2025-05-12 13:00:00,12,0.1,0.1,0.0679537009118456,50.77586447593297,79.09421618542179,0.0,0.0,0.0,-0.0,-28.318351709488816,0.0,28.318351709488816,-1.2743258269269966,0.0,0.0,0.0,0.0,50.77586447593297,79.09421618542179,0,1.2743258269269966,0
2025-05-12 14:00:00,13,0.1,0.1,0.0979516978088855,51.37640161499907,61.59609690660245,0.0,0.0,0.0,-0.0,-10.21969529160338,0.0,10.21969529160338,-0.45988628812215204,0.0,0.0,0.0,0.0,51.37640161499907,61.59609690660245,0,0.45988628812215204,0
2025-05-12 15:00:00,14,0.1,0.1,0.128852723195387,54.484857297694965,45.88447940103865,0.0,0.0,0.0,-0.0,8.600377896656319,8.600377896656319,0.0,1.1081821124935811,0.0,0.0,0.0,0.0,45.88447940103865,45.88447940103865,0,-1.1081821124935811,0
2025-05-12 16:00:00,15,0.1,0.1,0.1585649718921092,59.62188854399286,34.159903873690155,0.0,0.0,0.0,-0.0,25.461984670302705,25.461984670302705,0.0,4.037378883563863,0.0,0.0,0.0,0.0,34.159903873690155,34.159903873690155,0,-4.037378883563863,0
2025-05-12 17:00:00,16,0.1,0.3375,0.1575918741839245,64.9514295975311,23.622869016220605,30.0,30.0,30.0,0.0,71.3285605813105,71.3285605813105,0.0,11.24080154485032,0.0035301464364241764,0.114,0.0,28.5,23.622869016220605,23.622869016220605,0,-11.358331691286745,0
2025-05-12 18:00:00,17,0.3375,0.3375,0.2316158632559687,73.24595957365736,0.0,0.0,0.0,0.0,-0.0,73.24595957365736,73.24595957365736,0.0,16.964926156664433,0.021072507107635727,0.0,0.0,0.0,0.0,0.0,0,-16.98599866377207,0
2025-05-12 19:00:00,18,0.3375,0.3375,0.229974380207038,70.36373874338916,0.0,0.0,0.0,0.0,-0.0,70.36373874338916,70.36373874338916,0.0,16.18185720656087,0.0002646117468846551,0.0,0.0,0.0,0.0,0.0,0,-16.182121818307756,0
2025-05-12 20:00:00,19,0.3375,0.575,0.191609367759457,72.4175384634933,3.8724938208898103,30.0,30.0,30.0,0.0,98.54504464260349,98.54504464260349,0.0,18.88215369979672,1.629639147296452,0.114,0.0,28.5,3.8724938208898103,3.8724938208898103,0,-20.625792847093173,0
2025-05-12 21:00:00,20,0.575,0.575,0.1965071827949567,68.03044544378993,0.0,0.0,0.0,0.0,-0.0,68.03044544378993,68.03044544378993,0.0,13.368471178445155,0.0,0.0,0.0,0.0,0.0,0.0,0,-13.368471178445155,0
2025-05-12 22:00:00,21,0.575,0.575,0.1653925821077788,62.07989853708435,0.0,0.0,0.0,0.0,-0.0,62.07989853708435,62.07989853708435,0.0,10.2675547160373,0.0,0.0,0.0,0.0,0.0,0.0,0,-10.2675547160373,0
2025-05-12 23:00:00,22,0.575,0.575,0.1479285684353256,49.36021507446455,3.756804870457203,0.0,0.0,0.0,-0.0,45.603410204007346,45.603410204007346,0.0,6.746047187247727,0.0,0.0,0.0,0.0,3.756804870457203,3.756804870457203,0,-6.746047187247727,0
2025-05-13 00:00:00,23,0.575,0.31184210526315786,0.0994591578193764,49.91064552240334,0.0,-30.0,-30.0,0.0,30.0,19.910645522403343,19.910645522403343,0.0,1.9802960352983743,0.0,0.12631578947368421,0.0,31.578947368421055,0.0,0.0,0,-2.1066118247720587,0
2025-06-20 14:00:00,0,0.5,0.23684210526315788,0.0691335020361799,44.85540937383352,65.15266046192455,-30.0,-30.0,0.0,30.0,-50.29725108809104,0.0,50.29725108809104,-2.2633762989640966,0.0,0.12631578947368421,0.0,31.578947368421055,44.85540937383352,65.15266046192455,0,2.1370605094904125,1
2025-06-20 15:00:00,1,0.23684210526315788,0.23684210526315788,0.1159602158507311,51.10377613345808,61.1898612866248,0.0,0.0,0.0,-0.0,-10.08608515316672,0.0,10.08608515316672,-0.4538738318925024,0.0,0.0,0.0,0.0,51.10377613345808,61.1898612866248,0,0.4538738318925024,1
2025-06-20 16:00:00,2,0.23684210526315788,0.23684210526315788,0.1486781942385715,56.10888453744891,41.65997973468926,0.0,0.0,0.0,-0.0,14.44890480275965,14.44890480275965,0.0,2.148237074799328,0.0,0.0,0.0,0.0,41.65997973468926,41.65997973468926,0,-2.148237074799328,1
2025-06-20 17:00:00,3,0.23684210526315788,0.1,0.189515505422687,60.23683980250561,17.507072371827416,-30.0,-15.599999999999998,0.0,15.599999999999998,27.129767430678196,27.129767430678196,0.0,5.141511586624931,0.0,0.06568421052631578,1.1520000000000001,16.421052631578945,17.507072371827416,17.507072371827416,1,-6.359195797151247,1
2025-06-20 18:00:00,4,0.1,0.1,0.1965868633663754,69.09609945652109,0.0,0.0,0.0,0.0,-0.0,69.09609945652109,69.09609945652109,0.0,13.583385463008597,0.0,0.0,0.0,0.0,0.0,0.0,0,-13.583385463008597,1
2025-06-20 19:00:00,5,0.1,0.1,0.2070641694750115,61.52425760963234,0.0,0.0,0.0,0.0,-0.0,61.52425760963234,61.52425760963234,0.0,12.739469304505176,0.0,0.0,0.0,0.0,0.0,0.0,0,-12.739469304505176,1
2025-06-20 20:00:00,6,0.1,0.1,0.2133214062258696,59.77615733330785,0.0,0.0,0.0,0.0,-0.0,59.77615733330785,59.77615733330785,0.0,12.751533941120057,0.0,0.0,0.0,0.0,0.0,0.0,0,-12.751533941120057,1
2025-06-20 21:00:00,7,0.1,0.3375,0.1752649951868889,62.22015244959043,0.0,30.0,30.0,30.0,0.0,92.22015244959043,92.22015244959043,0.0,16.162964575211628,0.9874703497660792,0.114,0.0,28.5,0.0,0.0,0,-17.264434924977706,1
2025-06-20 22:00:00,8,0.3375,0.1,0.1642423644782881,57.43985105714153,3.900912718083106,-30.0,-27.075,0.0,27.075,26.463938339058426,26.463938339058426,0.0,4.3464998062145765,0.0,0.114,0.23400000000000007,28.5,3.900912718083106,3.900912718083106,1,-4.694499806214576,1
2025-06-20 23:00:00,9,0.1,0.3375,0.1488291490208771,53.55777500040973,0.0,30.0,30.0,30.0,0.0,83.55777500040972,83.55777500040972,0.0,12.435832547388896,0.36762652592346956,0.114,0.0,28.5,0.0,0.0,0,-12.917459073312367,1
2025-06-21 00:00:00,10,0.3375,0.1,0.077624513717285,32.84781572547239,8.013380356962925,-30.0,-27.075,0.0,27.075,-2.240564631490539,0.0,2.240564631490539,-0.10082540841707426,0.0,0.114,0.23400000000000007,28.5,8.013380356962925,8.013380356962925,1,-0.24717459158292582,1
2025-06-21 01:00:00,11,0.1,0.3375,0.0945907762035274,31.65554711214026,0.0,30.0,30.0,30.0,0.0,61.655547112140255,61.655547112140255,0.0,5.8320460585905,0.0,0.114,0.0,28.5,0.0,0.0,0,-5.9460460585904995,1
2025-06-21 02:00:00,12,0.3375,0.1,0.0784519057513264,34.667628435455484,0.0,-30.0,-27.075,0.0,27.075,7.5926284354554845,7.5926284354554845,0.0,0.5956561704231945,0.0,0.114,0.23400000000000007,28.5,0.0,0.0,1,-0.9436561704231946,1
2025-06-21 03:00:00,13,0.1,0.3375,0.1094967239891028,33.63909904584471,5.9090668886321485,30.0,30.0,30.0,0.0,57.73003215721256,57.73003215721256,0.0,6.321249397000333,0.0,0.114,0.0,28.5,5.9090668886321485,5.9090668886321485,0,-6.435249397000333,1
2025-06-21 04:00:00,14,0.3375,0.1,0.0954414093655371,41.02097154157076,4.624394599429346,-30.0,-27.075,0.0,27.075,9.321576942141416,9.321576942141416,0.0,0.8896644408672705,0.0,0.114,0.23400000000000007,28.5,4.624394599429346,4.624394599429346,1,-1.2376644408672706,1
2025-06-21 05:00:00,15,0.1,0.3375,0.0851698465775518,37.10258024150898,0.0,30.0,30.0,30.0,0.0,67.10258024150897,67.10258024150897,0.0,5.7151164641271786,0.0,0.114,0.0,28.5,0.0,0.0,0,-5.829116464127178,1
2025-06-21 06:00:00,16,0.3375,0.575,0.0776464104490186,41.07098607972898,1.334663102935843,30.0,30.0,30.0,0.0,69.73632297679313,69.73632297679313,0.0,5.414775157061406,0.0,0.114,0.0,28.5,1.334663102935843,1.334663102935843,0,-5.528775157061406,1
2025-06-21 07:00:00,17,0.575,0.575,0.0962674202019402,52.20010969734645,21.61012031636199,0.0,0.0,0.0,-0.0,30.58998938098446,30.58998938098446,0.0,2.944819361712119,0.0,0.0,0.0,0.0,21.61012031636199,21.61012031636199,0,-2.944819361712119,1
2025-06-21 08:00:00,18,0.575,0.31184210526315786,0.1059180960946911,44.956294540132255,39.4770308599931,-30.0,-30.0,0.0,30.0,-24.520736319860845,0.0,24.520736319860845,-1.103433134393738,0.0,0.12631578947368421,0.0,31.578947368421055,39.4770308599931,39.4770308599931,0,0.9771173449200539,1
2025-06-21 09:00:00,19,0.31184210526315786,0.10000000000000003,0.0768245668410381,46.096791462492526,50.61458206171744,-30.0,-24.149999999999995,0.0,24.149999999999995,-28.66779059922491,0.0,28.66779059922491,-1.290050576965121,0.0,0.10168421052631577,0.4680000000000004,25.42105263157894,46.096791462492526,50.61458206171744,1,0.7203663664388047,1
2025-06-21 10:00:00,20,0.10000000000000003,0.10000000000000003,0.0757088386760702,43.44586992874163,58.86056298800573,0.0,0.0,0.0,-0.0,-15.414693059264103,0.0,15.414693059264103,-0.6936611876668846,0.0,0.0,0.0,0.0,43.44586992874163,58.86056298800573,0,0.6936611876668846,1
2025-06-21 11:00:00,21,0.10000000000000003,0.10000000000000003,0.06641818795416,40.88562048106272,72.38284720773709,0.0,0.0,0.0,-0.0,-31.497226726674363,0.0,31.497226726674363,-1.4173752027003463,0.0,0.0,0.0,0.0,40.88562048106272,72.38284720773709,0,1.4173752027003463,1
2025-06-21 12:00:00,22,0.10000000000000003,0.10000000000000003,0.0905721116673968,38.03837463253214,84.35361515857963,0.0,0.0,0.0,-0.0,-46.31524052604749,0.0,46.31524052604749,-2.084185823672137,0.0,0.0,0.0,0.0,38.03837463253214,84.35361515857963,0,2.084185823672137,1
2025-06-21 13:00:00,23,0.10000000000000003,0.10000000000000003,0.0507097906558024,38.088491267172266,81.83333610541234,0.0,0.0,0.0,-0.0,-43.74484483824008,0.0,43.74484483824008,-1.9685180177208035,0.0,0.0,0.0,0.0,38.088491267172266,81.83333610541234,0,1.9685180177208035,1
2025-06-29 18:00:00,0,0.5,0.5,0.184774633794586,58.91968482768391,5.485581871454594,0.0,0.0,0.0,-0.0,53.43410295622932,53.43410295622932,0.0,9.873266805879478,0.0,0.0,0.0,0.0,5.485581871454594,5.485581871454594,0,-9.873266805879478,2
2025-06-29 19:00:00,1,0.5,0.23684210526315788,0.2152577897682699,58.19677725759782,0.0,-30.0,-30.0,0.0,30.0,28.196777257597823,28.196777257597823,0.0,6.069575951058726,0.0,0.12631578947368421,0.0,31.578947368421055,0.0,0.0,0,-6.195891740532411,2
2025-06-29 20:00:00,2,0.23684210526315788,0.1,0.1938120901233776,57.68660355321464,0.0,-30.0,-15.599999999999998,0.0,15.599999999999998,42.086603553214644,42.086603553214644,0.0,8.1568926008425,0.0,0.06568421052631578,1.1520000000000001,16.421052631578945,0.0,0.0,1,-9.374576811368815,2
2025-06-29 21:00:00,3,0.1,0.3375,0.1772566774832079,52.39797865513769,0.0,30.0,30.0,30.0,0.0,82.39797865513769,82.39797865513769,0.0,14.60559192774199,0.30741974946649964,0.114,0.0,28.5,0.0,0.0,0,-15.02701167720849,2
2025-06-29 22:00:00,4,0.3375,0.1,0.1308809833454004,46.98573965727727,1.1915225520210324,-30.0,-27.075,0.0,27.075,18.719217105256238,18.719217105256238,0.0,2.449989542191976,0.0,0.114,0.23400000000000007,28.5,1.1915225520210324,1.1915225520210324,1,-2.797989542191976,2
2025-06-29 23:00:00,5,0.1,0.3375,0.137239095271288,40.1426066403758,0.0,30.0,30.0,30.0,0.0,70.1426066403758,70.1426066403758,0.0,9.626307875295012,4.0673307758547123e-05,0.114,0.0,28.5,0.0,0.0,0,-9.740348548602771,2
2025-06-30 00:00:00,6,0.3375,0.1,0.1011304864409186,45.77347064034496,1.7483202283670245,-30.0,-27.075,0.0,27.075,16.950150411977933,16.950150411977933,0.0,1.7141769564100653,0.0,0.114,0.23400000000000007,28.5,1.7483202283670245,1.7483202283670245,1,-2.0621769564100654,2
2025-06-30 01:00:00,7,0.1,0.3375,0.1210870210183235,48.03151920739823,0.0,30.0,30.0,30.0,0.0,78.03151920739823,78.03151920739823,0.0,9.448604206357944,0.12901060155761349,0.114,0.0,28.5,0.0,0.0,0,-9.691614807915558,2
2025-06-30 02:00:00,8,0.3375,0.1,0.0965525588442139,41.58126431295696,0.0,-30.0,-27.075,0.0,27.075,14.506264312956962,14.506264312956962,0.0,1.4006169386864973,0.0,0.114,0.23400000000000007,28.5,0.0,0.0,1,-1.7486169386864974,2
2025-06-30 03:00:00,9,0.1,0.3375,0.0959110876502984,45.49504169625572,8.44577557869454,30.0,30.0,30.0,0.0,67.04926611756117,67.04926611756117,0.0,6.4307680394895925,0.0,0.114,0.0,28.5,8.44577557869454,8.44577557869454,0,-6.544768039489592,2
2025-06-30 04:00:00,10,0.3375,0.1,0.1220101312792845,46.11209364697523,0.0,-30.0,-27.075,0.0,27.075,19.037093646975233,19.037093646975233,0.0,2.3227182950434813,0.0,0.114,0.23400000000000007,28.5,0.0,0.0,1,-2.670718295043481,2
2025-06-30 05:00:00,11,0.1,0.3375,0.0973385247489299,46.83758343897586,5.739814124885915,30.0,30.0,30.0,0.0,71.09776931408994,71.09776931408994,0.0,6.920551977973253,0.0024101949339150153,0.114,0.0,28.5,5.739814124885915,5.739814124885915,0,-7.036962172907168,2
2025-06-30 06:00:00,12,0.3375,0.575,0.0856893040081581,45.02763521984645,5.064020736883023,30.0,30.0,30.0,0.0,69.96361448296344,69.96361448296344,0.0,5.995133430940227,0.0,0.114,0.0,28.5,5.064020736883023,5.064020736883023,0,-6.1091334309402265,2
2025-06-30 07:00:00,13,0.575,0.575,0.0911183374386805,48.785223128469056,21.82455807811208,0.0,0.0,0.0,-0.0,26.960665050356976,26.960665050356976,0.0,2.456610975629667,0.0,0.0,0.0,0.0,21.82455807811208,21.82455807811208,0,-2.456610975629667,2
2025-06-30 08:00:00,14,0.575,0.575,0.1119033742414414,51.75194802337534,32.011928604291874,0.0,0.0,0.0,-0.0,19.740019419083467,19.740019419083467,0.0,2.2089747805870177,0.0,0.0,0.0,0.0,32.011928604291874,32.011928604291874,0,-2.2089747805870177,2
2025-06-30 09:00:00,15,0.575,0.31184210526315786,0.1072100602704826,46.14383737981517,54.91427098726848,-30.0,-30.0,0.0,30.0,-38.77043360745331,0.0,38.77043360745331,-1.744669512335399,0.0,0.12631578947368421,0.0,31.578947368421055,46.14383737981517,54.91427098726848,0,1.6183537228617149,2
2025-06-30 10:00:00,16,0.31184210526315786,0.10000000000000003,0.0838345616733373,54.55494107899318,65.32140884983943,-30.0,-24.149999999999995,0.0,24.149999999999995,-34.91646777084624,0.0,34.91646777084624,-1.5712410496880806,0.0,0.10168421052631577,0.4680000000000004,25.42105263157894,54.55494107899318,65.32140884983943,1,1.0015568391617644,2
2025-06-30 11:00:00,17,0.10000000000000003,0.10000000000000003,0.0798632519482707,48.39334855592943,74.9361179961056,0.0,0.0,0.0,-0.0,-26.542769440176166,0.0,26.542769440176166,-1.1944246248079273,0.0,0.0,0.0,0.0,48.39334855592943,74.9361179961056,0,1.1944246248079273,2
2025-06-30 12:00:00,18,0.10000000000000003,0.10000000000000003,0.0919823907302827,45.68770302972887,73.78639629037286,0.0,0.0,0.0,-0.0,-28.09869326064399,0.0,28.09869326064399,-1.2644411967289795,0.0,0.0,0.0,0.0,45.68770302972887,73.78639629037286,0,1.2644411967289795,2
2025-06-30 13:00:00,19,0.10000000000000003,0.3375,0.1014045228257262,39.1310091047915,77.51270339773912,30.0,30.0,30.0,0.0,-8.381694292947614,0.0,8.381694292947614,-0.37717624318264265,0.0,0.114,0.0,28.5,69.1310091047915,77.51270339773912,0,0.26317624318264266,2
2025-06-30 14:00:00,20,0.3375,0.1,0.0946300251903341,42.39900319792423,70.57028809561257,-30.0,-27.075,0.0,27.075,-55.24628489768834,0.0,55.24628489768834,-2.4860828203959753,0.0,0.114,0.23400000000000007,28.5,42.39900319792423,70.57028809561257,1,2.1380828203959754,2
2025-06-30 15:00:00,21,0.1,0.1,0.121300865103719,51.90772074849097,58.90065482823241,0.0,0.0,0.0,-0.0,-6.992934079741438,0.0,6.992934079741438,-0.3146820335883647,0.0,0.0,0.0,0.0,51.90772074849097,58.90065482823241,0,0.3146820335883647,2
2025-06-30 16:00:00,22,0.1,0.1,0.1519876159955737,63.06836625253687,37.41576452451935,0.0,0.0,0.0,-0.0,25.652601728017515,25.652601728017515,0.0,3.8988777807253165,0.0,0.0,0.0,0.0,37.41576452451935,37.41576452451935,0,-3.8988777807253165,2
2025-06-30 17:00:00,23,0.1,0.1,0.1965000099781977,59.601281446716975,16.352242947902127,0.0,0.0,0.0,-0.0,43.24903849881485,43.24903849881485,0.0,8.498436496564574,0.0,0.0,0.0,0.0,16.352242947902127,16.352242947902127,0,-8.498436496564574,2
2025-06-14 07:00:00,0,0.5,0.5,0.092026240982895,44.92140910934108,17.669833634935113,0.0,0.0,0.0,-0.0,27.251575474405964,27.251575474405964,0.0,2.5078600517712344,0.0,0.0,0.0,0.0,17.669833634935113,17.669833634935113,0,-2.5078600517712344,3
2025-06-14 08:00:00,1,0.5,0.5,0.088612858022336,43.28918881676101,36.84377855442505,0.0,0.0,0.0,-0.0,6.445410262335962,6.445410262335962,0.0,0.571146224472084,0.0,0.0,0.0,0.0,36.84377855442505,36.84377855442505,0,-0.571146224472084,3
2025-06-14 09:00:00,2,0.5,0.5,0.0918211536914875,43.70796653427848,52.07461994920503,0.0,0.0,0.0,-0.0,-8.366653414926546,0.0,8.366653414926546,-0.37649940367169454,0.0,0.0,0.0,0.0,43.70796653427848,52.07461994920503,0,0.37649940367169454,3
2025-06-14 10:00:00,3,0.5,0.5,0.0616597282900591,44.519030791853055,68.23946998981347,0.0,0.0,0.0,-0.0,-23.720439197960417,0.0,23.720439197960417,-1.0674197639082188,0.0,0.0,0.0,0.0,44.519030791853055,68.23946998981347,0,1.0674197639082188,3
2025-06-14 11:00:00,4,0.5,0.23684210526315788,0.0958568880372765,37.24500395972528,74.60160256240133,-30.0,-30.0,0.0,30.0,-67.35659860267604,0.0,67.35659860267604,-3.031046937120422,0.0,0.12631578947368421,0.0,31.578947368421055,37.24500395972528,74.60160256240133,0,2.904731147646738,3
2025-06-14 12:00:00,5,0.23684210526315788,0.1,0.0836804442664193,38.218357359740935,77.96507701570613,-30.0,-15.599999999999998,0.0,15.599999999999998,-55.34671965596519,0.0,55.34671965596519,-2.4906023845184335,0.0,0.06568421052631578,1.1520000000000001,16.421052631578945,38.218357359740935,77.96507701570613,1,1.2729181739921178,3
2025-06-14 13:00:00,6,0.1,0.1,0.0658792858254492,37.77329496551003,83.38443665371942,0.0,0.0,0.0,-0.0,-45.611141688209386,0.0,45.611141688209386,-2.052501375969422,0.0,0.0,0.0,0.0,37.77329496551003,83.38443665371942,0,2.052501375969422,3
2025-06-14 14:00:00,7,0.1,0.1,0.0838341864254437,38.08953999032584,66.82975623429638,0.0,0.0,0.0,-0.0,-28.740216243970544,0.0,28.740216243970544,-1.2933097309786745,0.0,0.0,0.0,0.0,38.08953999032584,66.82975623429638,0,1.2933097309786745,3
2025-06-14 15:00:00,8,0.1,0.1,0.0959618257204958,41.90574700411673,57.12813725108767,0.0,0.0,0.0,-0.0,-15.222390246970939,0.0,15.222390246970939,-0.6850075611136922,0.0,0.0,0.0,0.0,41.90574700411673,57.12813725108767,0,0.6850075611136922,3
2025-06-14 16:00:00,9,0.1,0.1,0.133097239483702,49.375775752983245,41.41414786366478,0.0,0.0,0.0,-0.0,7.961627889318464,7.961627889318464,0.0,1.0596706938647404,0.0,0.0,0.0,0.0,41.41414786366478,41.41414786366478,0,-1.0596706938647404,3
2025-06-14 17:00:00,10,0.1,0.1,0.1594001815578995,50.3852514376725,19.915359627566,0.0,0.0,0.0,-0.0,30.4698918101065,30.4698918101065,0.0,4.856906286580531,0.0,0.0,0.0,0.0,19.915359627566,19.915359627566,0,-4.856906286580531,3
2025-06-14 18:00:00,11,0.1,0.3375,0.1975910619282414,58.87750365908175,0.9582969604076432,30.0,30.0,30.0,0.0,87.91920669867412,87.91920669867412,0.0,17.372049415479573,0.6421959374196147,0.114,0.0,28.5,0.9582969604076432,0.9582969604076432,0,-18.12824535289919,3
2025-06-14 19:00:00,12,0.3375,0.1,0.1915900334182697,57.40570476130198,0.0724436659184897,-30.0,-27.075,0.0,27.075,30.258261095383492,30.258261095383492,0.0,5.797181254443253,0.0,0.114,0.23400000000000007,28.5,0.0724436659184897,0.0724436659184897,1,-6.145181254443253,3
2025-06-14 20:00:00,13,0.1,0.3375,0.1911676351153027,57.83950430230571,0.708954384990174,30.0,30.0,30.0,0.0,87.13054991731553,87.13054991731553,0.0,16.656541173989044,0.5869114809392785,0.114,0.0,28.5,0.708954384990174,0.708954384990174,0,-17.357452654928323,3
2025-06-14 21:00:00,14,0.3375,0.1,0.1921577310647372,57.93953297494113,0.0,-30.0,-27.075,0.0,27.075,30.86453297494113,30.86453297494113,0.0,5.930858626837452,0.0,0.114,0.23400000000000007,28.5,0.0,0.0,1,-6.278858626837452,3
2025-06-14 22:00:00,15,0.1,0.3375,0.1381266283512515,47.89524433020832,0.0,30.0,30.0,30.0,0.0,77.89524433020833,77.89524433020833,0.0,10.759407463928616,0.12466976606737351,0.114,0.0,28.5,0.0,0.0,0,-10.99807722999599,3
2025-06-14 23:00:00,16,0.3375,0.1,0.0905230564525531,46.5088752776118,0.0592278864907667,-30.0,-27.075,0.0,27.075,19.374647391121034,19.374647391121034,0.0,1.7538522995347599,0.0,0.114,0.23400000000000007,28.5,0.0592278864907667,0.0592278864907667,1,-2.10185229953476,3
2025-06-15 00:00:00,17,0.1,0.3375,0.0911924017825377,29.129878977079603,0.0,30.0,30.0,30.0,0.0,59.1298789770796,59.1298789770796,0.0,5.392195681030672,0.0,0.114,0.0,28.5,0.0,0.0,0,-5.506195681030672,3
2025-06-15 01:00:00,18,0.3375,0.1,0.1219376450884885,33.37959480872818,5.236254764178636,-30.0,-27.075,0.0,27.075,1.0683400445495437,1.0683400445495437,0.0,0.13027086918610226,0.0,0.114,0.23400000000000007,28.5,5.236254764178636,5.236254764178636,1,-0.4782708691861023,3
2025-06-15 02:00:00,19,0.1,0.3375,0.1031849689248864,35.07149681146511,7.563003062996954,30.0,30.0,30.0,0.0,57.508493748468155,57.508493748468155,0.0,5.934012140352711,0.0,0.114,0.0,28.5,7.563003062996954,7.563003062996954,0,-6.048012140352711,3
2025-06-15 03:00:00,20,0.3375,0.1,0.0859818638905177,41.498660416361325,0.5962259097365001,-30.0,-27.075,0.0,27.075,13.827434506624822,13.827434506624822,0.0,1.1889085917036633,0.0,0.114,0.23400000000000007,28.5,0.5962259097365001,0.5962259097365001,1,-1.5369085917036633,3
2025-06-15 04:00:00,21,0.1,0.3375,0.0923544349307598,30.07754954418325,2.3291421203785165,30.0,30.0,30.0,0.0,57.748407423804736,57.748407423804736,0.0,5.333321535776781,0.0,0.114,0.0,28.5,2.3291421203785165,2.3291421203785165,0,-5.447321535776781,3
2025-06-15 05:00:00,22,0.3375,0.1,0.1010089273650717,38.12408904715507,3.783701845176738,-30.0,-27.075,0.0,27.075,7.265387201978331,7.265387201978331,0.0,0.7338689681637507,0.0,0.114,0.23400000000000007,28.5,3.783701845176738,3.783701845176738,1,-1.0818689681637508,3
2025-06-15 06:00:00,23,0.1,0.3375,0.0726235217297948,46.19443605209804,0.0,30.0,30.0,30.0,0.0,76.19443605209804,76.19443605209804,0.0,5.533508282319003,0.07674207600706393,0.114,0.0,28.5,0.0,0.0,0,-5.724250358326067,3
2025-06-11 23:00:00,0,0.5,0.5,0.1523376052821958,53.7433616128456,0.0,0.0,0.0,0.0,-0.0,53.7433616128456,53.7433616128456,0.0,8.187135007915987,0.0,0.0,0.0,0.0,0.0,0.0,0,-8.187135007915987,4
2025-06-12 00:00:00,1,0.5,0.23684210526315788,0.0968293292566358,39.5607331977863,0.0,-30.0,-30.0,0.0,30.0,9.560733197786298,9.560733197786298,0.0,0.9257593827432979,0.0,0.12631578947368421,0.0,31.578947368421055,0.0,0.0,0,-1.052075172216982,4
2025-06-12 01:00:00,2,0.23684210526315788,0.1,0.1118310893900598,45.71278410770169,1.3895866636545904,-30.0,-15.599999999999998,0.0,15.599999999999998,28.7231974440471,28.7231974440471,0.0,3.2121464609335684,0.0,0.06568421052631578,1.1520000000000001,16.421052631578945,1.3895866636545904,1.3895866636545904,1,-4.429830671459884,4
2025-06-12 02:00:00,3,0.1,0.3375,0.1044206686515646,39.626336405156046,0.8316485132775776,30.0,30.0,30.0,0.0,68.79468789187847,68.79468789187847,0.0,7.183587309345644,0.0,0.114,0.0,28.5,0.8316485132775776,0.8316485132775776,0,-7.297587309345644,4
2025-06-12 03:00:00,4,0.3375,0.1,0.1185161651549955,46.520581545388175,0.0,-30.0,-27.075,0.0,27.075,19.445581545388176,19.445581545388176,0.0,2.3046157539681578,0.0,0.114,0.23400000000000007,28.5,0.0,0.0,1,-2.6526157539681576,4
2025-06-12 04:00:00,5,0.1,0.3375,0.1023972053963591,43.89306840495519,0.0,30.0,30.0,30.0,0.0,73.89306840495519,73.89306840495519,0.0,7.566443702829409,0.03031196321132065,0.114,0.0,28.5,0.0,0.0,0,-7.71075566604073,4
2025-06-12 05:00:00,6,0.3375,0.1,0.0969867760342959,47.625421267991605,3.289004903811354,-30.0,-27.075,0.0,27.075,17.261416364180253,17.261416364180253,0.0,1.6741291229474804,0.0,0.114,0.23400000000000007,28.5,3.289004903811354,3.289004903811354,1,-2.0221291229474807,4
2025-06-12 06:00:00,7,0.1,0.1,0.1091463665780937,46.55802134272071,0.0,0.0,0.0,0.0,-0.0,46.55802134272071,46.55802134272071,0.0,5.081638864623305,0.0,0.0,0.0,0.0,0.0,0.0,0,-5.081638864623305,4
2025-06-12 07:00:00,8,0.1,0.3375,0.0990077231019729,54.12893370246981,21.173785827083297,30.0,30.0,30.0,0.0,62.955147875386515,62.955147875386515,0.0,6.2330458486900255,0.0,0.114,0.0,28.5,21.173785827083297,21.173785827083297,0,-6.347045848690025,4
2025-06-12 08:00:00,9,0.3375,0.1,0.0784727958286761,58.0043072194778,39.50696386639716,-30.0,-27.075,0.0,27.075,-8.577656646919355,0.0,8.577656646919355,-0.38599454911137093,0.0,0.114,0.23400000000000007,28.5,39.50696386639716,39.50696386639716,1,0.03799454911137087,4
2025-06-12 09:00:00,10,0.1,0.1,0.0908646049957382,51.1933387404844,53.61470046591597,0.0,0.0,0.0,-0.0,-2.4213617254315736,0.0,2.4213617254315736,-0.1089612776444208,0.0,0.0,0.0,0.0,51.1933387404844,53.61470046591597,0,0.1089612776444208,4
2025-06-12 10:00:00,11,0.1,0.1,0.1274098023812384,48.89328368254581,64.15941841979935,0.0,0.0,0.0,-0.0,-15.266134737253545,0.0,15.266134737253545,-0.6869760631764095,0.0,0.0,0.0,0.0,48.89328368254581,64.15941841979935,0,0.6869760631764095,4
2025-06-12 11:00:00,12,0.1,0.1,0.0655874016521728,49.45846111288175,73.5052304956672,0.0,0.0,0.0,-0.0,-24.046769382785456,0.0,24.046769382785456,-1.0821046222253454,0.0,0.0,0.0,0.0,49.45846111288175,73.5052304956672,0,1.0821046222253454,4
2025-06-12 12:00:00,13,0.1,0.1,0.0867987986910223,48.10533263518771,84.20430681700822,0.0,0.0,0.0,-0.0,-36.09897418182051,0.0,36.09897418182051,-1.624453838181923,0.0,0.0,0.0,0.0,48.10533263518771,84.20430681700822,0,1.624453838181923,4
2025-06-12 13:00:00,14,0.1,0.1,0.0826987239442144,39.13736558645278,78.8944533206292,0.0,0.0,0.0,-0.0,-39.757087734176416,0.0,39.757087734176416,-1.7890689480379387,0.0,0.0,0.0,0.0,39.13736558645278,78.8944533206292,0,1.7890689480379387,4
2025-06-12 14:00:00,15,0.1,0.1,0.1174926584061702,55.47166591300582,70.81531515792474,0.0,0.0,0.0,-0.0,-15.343649244918922,0.0,15.343649244918922,-0.6904642160213514,0.0,0.0,0.0,0.0,55.47166591300582,70.81531515792474,0,0.6904642160213514,4
2025-06-12 15:00:00,16,0.1,0.1,0.1013175443477694,54.39355995295534,52.15183604397188,0.0,0.0,0.0,-0.0,2.2417239089834595,2.2417239089834595,0.0,0.22712596156388665,0.0,0.0,0.0,0.0,52.15183604397188,52.15183604397188,0,-0.22712596156388665,4
2025-06-12 16:00:00,17,0.1,0.1,0.1427220604323604,59.779913697749066,33.79140283339893,0.0,0.0,0.0,-0.0,25.98851086435014,25.98851086435014,0.0,3.709133818128836,0.0,0.0,0.0,0.0,33.79140283339893,33.79140283339893,0,-3.709133818128836,4
2025-06-12 17:00:00,18,0.1,0.1,0.1788983434023608,62.16458905910383,23.934156536669043,0.0,0.0,0.0,-0.0,38.23043252243479,38.23043252243479,0.0,6.839361045819322,0.0,0.0,0.0,0.0,23.934156536669043,23.934156536669043,0,-6.839361045819322,4
2025-06-12 18:00:00,19,0.1,0.1,0.2042174946504651,60.60746354002928,3.166685411574815,0.0,0.0,0.0,-0.0,57.44077812845446,57.44077812845446,0.0,11.730411800166202,0.0,0.0,0.0,0.0,3.166685411574815,3.166685411574815,0,-11.730411800166202,4
2025-06-12 19:00:00,20,0.1,0.1,0.2190921159000921,70.1864930424901,0.4803714183889329,0.0,0.0,0.0,-0.0,69.70612162410117,69.70612162410117,0.0,15.27206167781349,0.0,0.0,0.0,0.0,0.4803714183889329,0.4803714183889329,0,-15.27206167781349,4
2025-06-12 20:00:00,21,0.1,0.1,0.2162852055184927,64.73595225140251,0.0,0.0,0.0,0.0,-0.0,64.73595225140251,64.73595225140251,0.0,14.001428737129922,0.0,0.0,0.0,0.0,0.0,0.0,0,-14.001428737129922,4
2025-06-12 21:00:00,22,0.1,0.1,0.1931156074075444,64.3640591988984,0.0,0.0,0.0,0.0,-0.0,64.3640591988984,64.3640591988984,0.0,12.42970438741041,0.0,0.0,0.0,0.0,0.0,0.0,0,-12.42970438741041,4
2025-06-12 22:00:00,23,0.1,0.3375,0.1586992692307703,56.8459204644038,3.035901555324758,30.0,30.0,30.0,0.0,83.81001890907905,83.81001890907905,0.0,13.300588755087885,0.3814332445382417,0.114,0.0,28.5,3.035901555324758,3.035901555324758,0,-13.796021999626127,4
2025-06-09 04:00:00,0,0.5,0.5,0.1000423280175818,44.331978356133824,1.4785007274379869,0.0,0.0,0.0,-0.0,42.853477628695835,42.853477628695835,0.0,4.287161665624092,0.0,0.0,0.0,0.0,1.4785007274379869,1.4785007274379869,0,-4.287161665624092,5
2025-06-09 05:00:00,1,0.5,0.23684210526315788,0.0959921580586631,48.52079037091127,5.781041264796406,-30.0,-30.0,0.0,30.0,12.739749106114864,12.739749106114864,0.0,1.2229160098218899,0.0,0.12631578947368421,0.0,31.578947368421055,5.781041264796406,5.781041264796406,0,-1.349231799295574,5
2025-06-09 06:00:00,2,0.23684210526315788,0.23684210526315788,0.1135739071857212,52.19427135269208,0.0,0.0,0.0,0.0,-0.0,52.19427135269208,52.19427135269208,0.0,5.927907330236997,0.0,0.0,0.0,0.0,0.0,0.0,0,-5.927907330236997,5
2025-06-09 07:00:00,3,0.23684210526315788,0.23684210526315788,0.1029377437667787,54.5520038880835,17.33575906815784,0.0,0.0,0.0,-0.0,37.216244819925656,37.216244819925656,0.0,3.8309562732352123,0.0,0.0,0.0,0.0,17.33575906815784,17.33575906815784,0,-3.8309562732352123,5
2025-06-09 08:00:00,4,0.23684210526315788,0.1,0.1046582942417768,51.446499607697255,40.31822955341121,-30.0,-15.599999999999998,0.0,15.599999999999998,-4.47172994571395,0.0,4.47172994571395,-0.20122784755712772,0.0,0.06568421052631578,1.1520000000000001,16.421052631578945,40.31822955341121,40.31822955341121,1,-1.0164563629691883,5
2025-06-09 09:00:00,5,0.1,0.1,0.0895420584591456,50.759003272227424,57.2813259193736,0.0,0.0,0.0,-0.0,-6.522322647146176,0.0,6.522322647146176,-0.2935045191215779,0.0,0.0,0.0,0.0,50.759003272227424,57.2813259193736,0,0.2935045191215779,5
2025-06-09 10:00:00,6,0.1,0.1,0.1006911821423627,52.292584422969306,67.36831216094006,0.0,0.0,0.0,-0.0,-15.075727737970759,0.0,15.075727737970759,-0.6784077482086841,0.0,0.0,0.0,0.0,52.292584422969306,67.36831216094006,0,0.6784077482086841,5
2025-06-09 11:00:00,7,0.1,0.1,0.0733033970163289,52.89297268534143,78.22026368198311,0.0,0.0,0.0,-0.0,-25.327290996641686,0.0,25.327290996641686,-1.139728094848876,0.0,0.0,0.0,0.0,52.89297268534143,78.22026368198311,0,1.139728094848876,5
2025-06-09 12:00:00,8,0.1,0.1,0.0786215849020279,47.238227762234345,76.6394501297162,0.0,0.0,0.0,-0.0,-29.40122236748185,0.0,29.40122236748185,-1.3230550065366833,0.0,0.0,0.0,0.0,47.238227762234345,76.6394501297162,0,1.3230550065366833,5
2025-06-09 13:00:00,9,0.1,0.1,0.0991619722826095,45.789344707162456,75.15484011755422,0.0,0.0,0.0,-0.0,-29.36549541039176,0.0,29.36549541039176,-1.3214472934676291,0.0,0.0,0.0,0.0,45.789344707162456,75.15484011755422,0,1.3214472934676291,5
2025-06-09 14:00:00,10,0.1,0.1,0.0818798401557215,49.92019929204667,68.29275716990422,0.0,0.0,0.0,-0.0,-18.372557877857552,0.0,18.372557877857552,-0.8267651045035899,0.0,0.0,0.0,0.0,49.92019929204667,68.29275716990422,0,0.8267651045035899,5
2025-06-09 15:00:00,11,0.1,0.1,0.1272529206663888,49.24430453928655,55.69612947628424,0.0,0.0,0.0,-0.0,-6.4518249369976886,0.0,6.4518249369976886,-0.29033212216489596,0.0,0.0,0.0,0.0,49.24430453928655,55.69612947628424,0,0.29033212216489596,5
2025-06-09 16:00:00,12,0.1,0.1,0.1245972267196585,61.91833636454511,44.318379255777714,0.0,0.0,0.0,-0.0,17.5999571087674,17.5999571087674,0.0,2.1929058461373567,0.0,0.0,0.0,0.0,44.318379255777714,44.318379255777714,0,-2.1929058461373567,5
2025-06-09 17:00:00,13,0.1,0.3375,0.1516412607044492,63.4009640365768,21.31151011586,30.0,30.0,30.0,0.0,72.0894539207168,72.0894539207168,0.0,10.931735676032794,0.008731635373597672,0.114,0.0,28.5,21.31151011586,21.31151011586,0,-11.054467311406393,5
2025-06-09 18:00:00,14,0.3375,0.575,0.1955841814082867,64.58227597085154,0.0,30.0,30.0,30.0,0.0,94.58227597085154,94.58227597085154,0.0,18.498797021491665,1.2085765838142102,0.114,0.0,28.5,0.0,0.0,0,-19.821373605305876,5
2025-06-09 19:00:00,15,0.575,0.575,0.2258239502215955,67.67358124072096,1.8479359552185408,0.0,0.0,0.0,-0.0,65.82564528550242,65.82564528550242,0.0,14.865007244257699,0.0,0.0,0.0,0.0,1.8479359552185408,1.8479359552185408,0,-14.865007244257699,5
2025-06-09 20:00:00,16,0.575,0.575,0.2220777606192906,65.03798228486662,3.5309779409454416,0.0,0.0,0.0,-0.0,61.507004343921174,61.507004343921174,0.0,13.659337787098995,0.0,0.0,0.0,0.0,3.5309779409454416,3.5309779409454416,0,-13.659337787098995,5
2025-06-09 21:00:00,17,0.575,0.575,0.2122675743254014,67.00076598905441,2.709824045315784,0.0,0.0,0.0,-0.0,64.29094194373863,64.29094194373863,0.0,13.646882297492605,0.0,0.0,0.0,0.0,2.709824045315784,2.709824045315784,0,-13.646882297492605,5
2025-06-09 22:00:00,18,0.575,0.575,0.1777543628043278,57.07885988874278,2.515826499070425,0.0,0.0,0.0,-0.0,54.56303338967235,54.56303338967235,0.0,9.69881723285247,0.0,0.0,0.0,0.0,2.515826499070425,2.515826499070425,0,-9.69881723285247,5
2025-06-09 23:00:00,19,0.575,0.575,0.151502967575295,53.35524107660612,0.0,0.0,0.0,0.0,-0.0,53.35524107660612,53.35524107660612,0.0,8.083477358801105,0.0,0.0,0.0,0.0,0.0,0.0,0,-8.083477358801105,5
2025-06-10 00:00:00,20,0.575,0.31184210526315786,0.0960040777687762,45.98551278634832,0.0,-30.0,-30.0,0.0,30.0,15.985512786348323,15.985512786348323,0.0,1.5346744127143508,0.0,0.12631578947368421,0.0,31.578947368421055,0.0,0.0,0,-1.660990202188035,5
2025-06-10 01:00:00,21,0.31184210526315786,0.10000000000000003,0.0949137093554269,41.79950732948788,4.463425885172184,-30.0,-24.149999999999995,0.0,24.149999999999995,13.1860814443157,13.1860814443157,0.0,1.251539901742768,0.0,0.10168421052631577,0.4680000000000004,25.42105263157894,4.463425885172184,4.463425885172184,1,-1.8212241122690842,5
2025-06-10 02:00:00,22,0.10000000000000003,0.3375,0.1144519448297415,44.88796752481051,1.536001061721462,30.0,30.0,30.0,0.0,73.35196646308904,73.35196646308904,0.0,8.395275218786516,0.02247135833934732,0.114,0.0,28.5,1.536001061721462,1.536001061721462,0,-8.531746577125864,5
2025-06-10 03:00:00,23,0.3375,0.1,0.1225547149156545,45.50740007411847,0.0,-30.0,-27.075,0.0,27.075,18.432400074118473,18.432400074118473,0.0,2.2589775362948785,0.0,0.114,0.23400000000000007,28.5,0.0,0.0,1,-2.6069775362948784,5
2025-06-03 14:00:00,0,0.5,0.23684210526315788,0.0901505390089553,45.73352581933575,59.14066867046768,-30.0,-30.0,0.0,30.0,-43.40714285113193,0.0,43.40714285113193,-1.9533214283009368,0.0,0.12631578947368421,0.0,31.578947368421055,45.73352581933575,59.14066867046768,0,1.8270056388272526,6
2025-06-03 15:00:00,1,0.23684210526315788,0.23684210526315788,0.1207625923481896,57.55942135625397,55.62172561061728,0.0,0.0,0.0,-0.0,1.9376957456366881,1.9376957456366881,0.0,0.23400116142514465,0.0,0.0,0.0,0.0,55.62172561061728,55.62172561061728,0,-0.23400116142514465,6
2025-06-03 16:00:00,2,0.23684210526315788,0.23684210526315788,0.1397124170929777,57.97045639618877,40.820434085419166,0.0,0.0,0.0,-0.0,17.150022310769607,17.150022310769607,0.0,2.3960710702361165,0.0,0.0,0.0,0.0,40.820434085419166,40.820434085419166,0,-2.3960710702361165,6
2025-06-03 17:00:00,3,0.23684210526315788,0.1,0.1603384925211744,57.67677321986029,16.89106725657655,-30.0,-15.599999999999998,0.0,15.599999999999998,25.185705963283734,25.185705963283734,0.0,4.038238127234466,0.0,0.06568421052631578,1.1520000000000001,16.421052631578945,16.89106725657655,16.89106725657655,1,-5.255922337760782,6
2025-06-03 18:00:00,4,0.1,0.1,0.2140643714919487,69.40202723993973,3.4082492060317726,0.0,0.0,0.0,-0.0,65.99377803390796,65.99377803390796,0.0,14.126916617207678,0.0,0.0,0.0,0.0,3.4082492060317726,3.4082492060317726,0,-14.126916617207678,6
2025-06-03 19:00:00,5,0.1,0.1,0.2251862256540501,71.88723592940197,0.0,0.0,0.0,0.0,-0.0,71.88723592940197,71.88723592940197,0.0,16.18801533164425,0.007123318906451416,0.0,0.0,0.0,0.0,0.0,0,-16.195138650550703,6
2025-06-03 20:00:00,6,0.1,0.1,0.214867489788035,59.35930313931595,0.0,0.0,0.0,0.0,-0.0,59.35930313931595,59.35930313931595,0.0,12.754384461111844,0.0,0.0,0.0,0.0,0.0,0.0,0,-12.754384461111844,6
2025-06-03 21:00:00,7,0.1,0.3375,0.1790247198984771,60.56255901605197,3.3712816888228523,30.0,30.0,30.0,0.0,87.19127732722912,87.19127732722912,0.0,15.609394001097629,0.5910800322834038,0.114,0.0,28.5,3.3712816888228523,3.3712816888228523,0,-16.314474033381032,6
2025-06-03 22:00:00,8,0.3375,0.1,0.1529099292217833,57.7702871464254,0.0,-30.0,-27.075,0.0,27.075,30.695287146425404,30.695287146425404,0.0,4.693614185002223,0.0,0.114,0.23400000000000007,28.5,0.0,0.0,1,-5.0416141850022225,6
2025-06-03 23:00:00,9,0.1,0.3375,0.1491443663842304,55.60621741286052,3.042176677973578,30.0,30.0,30.0,0.0,82.56404073488694,82.56404073488694,0.0,12.313961541526501,0.315710239175797,0.114,0.0,28.5,3.042176677973578,3.042176677973578,0,-12.743671780702298,6
2025-06-04 00:00:00,10,0.3375,0.1,0.1183060404211188,42.88867738128837,0.0,-30.0,-27.075,0.0,27.075,15.813677381288368,15.813677381288368,0.0,1.8708535554772336,0.0,0.114,0.23400000000000007,28.5,0.0,0.0,1,-2.2188535554772337,6
2025-06-04 01:00:00,11,0.1,0.3375,0.1119604452779436,41.89658470223934,0.999965563559188,30.0,30.0,30.0,0.0,70.89661913868015,70.89661913868015,0.0,7.937617047467408,0.0016078517596950725,0.114,0.0,28.5,0.999965563559188,0.999965563559188,0,-8.053224899227104,6
2025-06-04 02:00:00,12,0.3375,0.1,0.0990442262678613,46.984517159176434,0.1534538467472301,-30.0,-27.075,0.0,27.075,19.7560633124292,19.7560633124292,0.0,1.9567240048784313,0.0,0.114,0.23400000000000007,28.5,0.1534538467472301,0.1534538467472301,1,-2.304724004878431,6
2025-06-04 03:00:00,13,0.1,0.3375,0.0961107743416455,43.52005298447321,0.0,30.0,30.0,30.0,0.0,73.52005298447321,73.52005298447321,0.0,7.066069221976526,0.02478154602699751,0.114,0.0,28.5,0.0,0.0,0,-7.204850768003523,6
2025-06-04 04:00:00,14,0.3375,0.1,0.098166751848819,47.75865342854859,1.3636870376115389,-30.0,-27.075,0.0,27.075,19.31996639093705,19.31996639093705,0.0,1.8965783464266406,0.0,0.114,0.23400000000000007,28.5,1.3636870376115389,1.3636870376115389,1,-2.2445783464266404,6
2025-06-04 05:00:00,15,0.1,0.3375,0.1155353540821613,44.54979284547112,0.0,30.0,30.0,30.0,0.0,74.54979284547112,74.54979284547112,0.0,8.613136713153281,0.041401229873400336,0.114,0.0,28.5,0.0,0.0,0,-8.768537943026683,6
2025-06-04 06:00:00,16,0.3375,0.575,0.0946035207149203,46.88024840378738,3.6914346955694137,30.0,30.0,30.0,0.0,73.18881370821796,73.18881370821796,0.0,6.923919453745841,0.020337065731437606,0.114,0.0,28.5,3.6914346955694137,3.6914346955694137,0,-7.058256519477278,6
2025-06-04 07:00:00,17,0.575,0.575,0.1142061099951304,56.66216845497853,21.79529561584804,0.0,0.0,0.0,-0.0,34.86687283913049,34.86687283913049,0.0,3.982009914651961,0.0,0.0,0.0,0.0,21.79529561584804,21.79529561584804,0,-3.982009914651961,6
2025-06-04 08:00:00,18,0.575,0.31184210526315786,0.1092657079589517,56.35412647880576,39.90225752201911,-30.0,-30.0,0.0,30.0,-13.548131043213353,0.0,13.548131043213353,-0.6096658969446008,0.0,0.12631578947368421,0.0,31.578947368421055,39.90225752201911,39.90225752201911,0,0.4833501074709166,6
2025-06-04 09:00:00,19,0.31184210526315786,0.10000000000000003,0.1129353375298654,57.23548334033151,55.21110583631752,-30.0,-24.149999999999995,0.0,24.149999999999995,-22.125622495986004,0.0,22.125622495986004,-0.9956530123193702,0.0,0.10168421052631577,0.4680000000000004,25.42105263157894,55.21110583631752,55.21110583631752,1,0.4259688017930541,6
2025-06-04 10:00:00,20,0.10000000000000003,0.10000000000000003,0.1057424116167901,49.6399176390769,64.71584182620859,0.0,0.0,0.0,-0.0,-15.07592418713169,0.0,15.07592418713169,-0.678416588420926,0.0,0.0,0.0,0.0,49.6399176390769,64.71584182620859,0,0.678416588420926,6
2025-06-04 11:00:00,21,0.10000000000000003,0.10000000000000003,0.0939557433500333,45.96733375334946,72.9680463539779,0.0,0.0,0.0,-0.0,-27.00071260062844,0.0,27.00071260062844,-1.2150320670282797,0.0,0.0,0.0,0.0,45.96733375334946,72.9680463539779,0,1.2150320670282797,6
2025-06-04 12:00:00,22,0.10000000000000003,0.10000000000000003,0.0662820266143697,51.43285132346727,77.50441085469087,0.0,0.0,0.0,-0.0,-26.071559531223606,0.0,26.071559531223606,-1.1732201789050622,0.0,0.0,0.0,0.0,51.43285132346727,77.50441085469087,0,1.1732201789050622,6
2025-06-04 13:00:00,23,0.10000000000000003,0.10000000000000003,0.0929350167936962,42.56126818039655,73.41760057401785,0.0,0.0,0.0,-0.0,-30.8563323936213,0.0,30.8563323936213,-1.3885349577129584,0.0,0.0,0.0,0.0,42.56126818039655,73.41760057401785,0,1.3885349577129584,6
2025-06-24 13:00:00,0,0.5,0.23684210526315788,0.0936577828099681,42.814977033988384,77.19149176954815,-30.0,-30.0,0.0,30.0,-64.37651473555977,0.0,64.37651473555977,-2.896943163100189,0.0,0.12631578947368421,0.0,31.578947368421055,42.814977033988384,77.19149176954815,0,2.770627373626505,7
2025-06-24 14:00:00,1,0.23684210526315788,0.1,0.0950821750858075,54.2144844368039,60.32571459101133,-30.0,-15.599999999999998,0.0,15.599999999999998,-21.711230154207424,0.0,21.711230154207424,-0.9770053569393341,0.0,0.06568421052631578,1.1520000000000001,16.421052631578945,54.2144844368039,60.32571459101133,1,-0.24067885358698182,7
2025-06-24 15:00:00,2,0.1,0.1,0.117138179119982,47.83396474631797,52.06897314216647,0.0,0.0,0.0,-0.0,-4.235008395848503,0.0,4.235008395848503,-0.19057537781318262,0.0,0.0,0.0,0.0,47.83396474631797,52.06897314216647,0,0.19057537781318262,7
2025-06-24 16:00:00,3,0.1,0.1,0.1456695539242382,55.86167908192835,40.956222817094094,0.0,0.0,0.0,-0.0,14.905456264834257,14.905456264834257,0.0,2.1712711651356478,0.0,0.0,0.0,0.0,40.956222817094094,40.956222817094094,0,-2.1712711651356478,7
2025-06-24 17:00:00,4,0.1,0.1,0.1603831851580817,59.00038235830296,15.707056435419911,0.0,0.0,0.0,-0.0,43.29332592288304,43.29332592288304,0.0,6.94352150759893,0.0,0.0,0.0,0.0,15.707056435419911,15.707056435419911,0,-6.94352150759893,7
2025-06-24 18:00:00,5,0.1,0.1,0.21596538316505,72.9630330172624,1.3057277933428195,0.0,0.0,0.0,-0.0,71.65730522391958,71.65730522391958,0.0,15.475497379258732,0.005493321210462252,0.0,0.0,0.0,1.3057277933428195,1.3057277933428195,0,-15.480990700469194,7
2025-06-24 19:00:00,6,0.1,0.1,0.2284038333125511,65.83373421406237,0.0,0.0,0.0,0.0,-0.0,65.83373421406237,65.83373421406237,0.0,15.036677255771494,0.0,0.0,0.0,0.0,0.0,0.0,0,-15.036677255771494,7
2025-06-24 20:00:00,7,0.1,0.1,0.21101538043557,64.35893410073398,0.0575539422314296,0.0,0.0,0.0,-0.0,64.30138015850254,64.30138015850254,0.0,13.568580196678626,0.0,0.0,0.0,0.0,0.0575539422314296,0.0575539422314296,0,-13.568580196678626,7
2025-06-24 21:00:00,8,0.1,0.3375,0.1700516639315458,60.854153669587895,5.634966378776198,30.0,30.0,30.0,0.0,85.2191872908117,85.2191872908117,0.0,14.491664597696571,0.463247323585609,0.114,0.0,28.5,5.634966378776198,5.634966378776198,0,-15.068911921282181,7
2025-06-24 22:00:00,9,0.3375,0.1,0.1667335298342092,57.2690847343891,2.7111004036606863,-30.0,-27.075,0.0,27.075,27.48298433072841,27.48298433072841,0.0,4.582334987840609,0.0,0.114,0.23400000000000007,28.5,2.7111004036606863,2.7111004036606863,1,-4.930334987840609,7
2025-06-24 23:00:00,10,0.1,0.3375,0.1488719381374462,51.04418457069688,0.0,30.0,30.0,30.0,0.0,81.04418457069687,81.04418457069687,0.0,12.065204831808556,0.24394802566323764,0.114,0.0,28.5,0.0,0.0,0,-12.423152857471795,7
2025-06-25 00:00:00,11,0.3375,0.1,0.1178223819518072,42.98471703747512,2.9692999151066464,-30.0,-27.075,0.0,27.075,12.940417122368476,12.940417122368476,0.0,1.5246707688074046,0.0,0.114,0.23400000000000007,28.5,2.9692999151066464,2.9692999151066464,1,-1.8726707688074047,7
2025-06-25 01:00:00,12,0.1,0.3375,0.1113874785254079,32.13685529906106,6.377833793553541,30.0,30.0,30.0,0.0,55.75902150550752,55.75902150550752,0.0,6.2108568105424755,0.0,0.114,0.0,28.5,6.377833793553541,6.377833793553541,0,-6.324856810542475,7
2025-06-25 02:00:00,13,0.3375,0.1,0.1148181239817866,43.71137539558647,9.789556035566086,-30.0,-27.075,0.0,27.075,6.846819360020387,6.846819360020387,0.0,0.7861389541597176,0.0,0.114,0.23400000000000007,28.5,9.789556035566086,9.789556035566086,1,-1.1341389541597175,7
2025-06-25 03:00:00,14,0.1,0.3375,0.1168417224006423,43.946554128016864,1.6627650811404124,30.0,30.0,30.0,0.0,72.28378904687645,72.28378904687645,0.0,8.445762413881727,0.010431384821265686,0.114,0.0,28.5,1.6627650811404124,1.6627650811404124,0,-8.570193798702993,7
2025-06-25 04:00:00,15,0.3375,0.1,0.1091359131233275,48.2183870586935,0.0,-30.0,-27.075,0.0,27.075,21.143387058693502,21.143387058693502,0.0,2.307502853170461,0.0,0.114,0.23400000000000007,28.5,0.0,0.0,1,-2.6555028531704608,7
2025-06-25 05:00:00,16,0.1,0.3375,0.084068768150153,51.16652633606498,1.521372923085503,30.0,30.0,30.0,0.0,79.64515341297948,79.64515341297948,0.0,6.695669936559139,0.18605796871981953,0.114,0.0,28.5,1.521372923085503,1.521372923085503,0,-6.995727905278959,7
2025-06-25 06:00:00,17,0.3375,0.3375,0.118421481612719,49.47793662907118,5.586117594195127,0.0,0.0,0.0,-0.0,43.89181903487605,43.89181903487605,0.0,5.197734240787364,0.0,0.0,0.0,0.0,5.586117594195127,5.586117594195127,0,-5.197734240787364,7
2025-06-25 07:00:00,18,0.3375,0.575,0.0928778043774651,55.728128572291,19.50272451986952,30.0,30.0,30.0,0.0,66.22540405242148,66.22540405242148,0.0,6.150870122399387,0.0,0.114,0.0,28.5,19.50272451986952,19.50272451986952,0,-6.264870122399387,7
2025-06-25 08:00:00,19,0.575,0.575,0.0880523474837293,50.89193102854838,42.59224495587464,0.0,0.0,0.0,-0.0,8.299686072673737,8.299686072673737,0.0,0.7308068420769364,0.0,0.0,0.0,0.0,42.59224495587464,42.59224495587464,0,-0.7308068420769364,7
2025-06-25 09:00:00,20,0.575,0.575,0.0848417243116661,55.61000885078427,52.13279422223789,0.0,0.0,0.0,-0.0,3.4772146285463776,3.4772146285463776,0.0,0.2950128848876242,0.0,0.0,0.0,0.0,52.13279422223789,52.13279422223789,0,-0.2950128848876242,7
2025-06-25 10:00:00,21,0.575,0.31184210526315786,0.1227995098539647,48.38318104497595,68.75165687502447,-30.0,-30.0,0.0,30.0,-50.36847583004852,0.0,50.36847583004852,-2.266581412352183,0.0,0.12631578947368421,0.0,31.578947368421055,48.38318104497595,68.75165687502447,0,2.140265622878499,7
2025-06-25 11:00:00,22,0.31184210526315786,0.10000000000000003,0.0927304485987901,43.59152718344956,66.51540956420995,-30.0,-24.149999999999995,0.0,24.149999999999995,-47.07388238076038,0.0,47.07388238076038,-2.1183247071342173,0.0,0.10168421052631577,0.4680000000000004,25.42105263157894,43.59152718344956,66.51540956420995,1,1.5486404966079013,7
2025-06-25 12:00:00,23,0.10000000000000003,0.10000000000000003,0.0714068039154985,45.35555547326448,74.55655361514287,0.0,0.0,0.0,-0.0,-29.200998141878394,0.0,29.200998141878394,-1.3140449163845276,0.0,0.0,0.0,0.0,45.35555547326448,74.55655361514287,0,1.3140449163845276,7
