,mean,std
total_electricity_cost,106.65900620592541,15.50275751639611
peak_grid_demand_kw,88.98564274299713,5.630200975444771
renewable_self_consumption_pct,77.75956688280725,5.0820202673230295
battery_throughput_kwh,344.0723684210526,89.57993332157545
battery_cycles,1.4336348684210525,0.37324972217323105
constraint_violations,5.25,1.6690459207925603
average_soc,0.23346011513157894,0.03727024197645988
cumulative_reward,-111.38857785982367,14.996537836024627
episode_return,-111.38857785982367,14.996537836024627
